STT,Gender,Education,Major,AcademicYear,Area,EI1,EI2,EI3,EI4,ATT1,ATT2,ATT3,ATT4,PBC1,PBC2,PBC3,PBC4,SN1,SN2,SN3,SN4,PI1,PI2,PI3,PI4,PF1,PF2,PF3,PF4,PF5,PTA1,PTA2,PTA3,PD1,PD2,PD3,EE1,EE2,EE3,EE4,GS1,GS2,GS3,GS4,FS1,FS2,FS3,FS4,FS5,FS6,SEE1,SEE2,SEE3,SEE4,SEE5,SEE6,EB1,EB2,EB3,EB4,EB5,EB6,EB7,EB8
1,0,2,1,3,1,2,3,3,3,4,4,4,3,4,5,4,4,3,3,3,2,4,4,4,4,4,4,3,4,4,3,3,3,2,2,2,4,4,4,4,4,4,4,4,2,2,2,2,2,1,4,4,4,3,4,4,4,4,4,4,4,4,3,4
2,0,1,1,3,0,3,3,3,4,4,4,4,3,4,5,5,5,3,3,3,3,4,4,4,4,4,5,4,4,4,3,3,3,2,2,2,3,3,4,3,4,4,5,4,3,3,4,3,3,3,4,4,5,3,4,4,3,4,4,5,4,4,3,4
3,1,1,2,1,0,5,5,5,3,5,4,4,4,4,4,4,4,5,5,5,5,5,4,5,5,4,4,4,4,5,5,4,5,3,3,3,4,4,4,4,5,4,5,5,3,4,5,4,4,4,4,4,5,5,4,4,4,4,4,5,5,4,5,4
4,0,2,3,3,0,4,4,4,4,4,5,5,5,5,4,5,5,5,5,5,5,4,4,4,4,4,4,4,4,5,5,4,4,3,3,3,4,4,4,5,5,5,5,4,3,3,4,3,3,3,5,4,4,4,4,4,5,4,4,4,5,5,4,4
5,0,2,1,3,0,3,3,3,3,4,4,4,4,4,4,4,4,4,4,4,4,3,3,3,3,4,3,4,4,4,3,4,3,2,2,2,3,3,3,4,4,3,4,4,2,3,3,2,2,2,4,4,3,3,4,4,4,3,3,3,4,3,4,3
6,0,4,1,3,1,4,4,3,4,4,4,4,4,4,5,4,4,4,4,4,4,5,4,4,4,4,4,4,5,4,5,4,5,2,2,2,5,5,5,5,5,5,4,5,3,4,5,3,3,3,4,4,5,5,4,4,5,4,4,4,5,5,5,4
7,1,2,1,3,1,4,4,4,4,4,4,4,4,4,4,5,4,5,4,4,4,4,4,4,4,5,5,4,5,5,5,5,4,3,3,3,4,5,4,4,4,4,4,4,3,3,5,3,3,3,4,4,4,5,4,4,4,5,5,5,4,4,4,4
8,0,3,1,1,0,3,4,4,5,4,4,4,4,5,4,4,4,4,4,4,5,5,5,4,5,5,5,5,4,5,4,4,4,2,2,2,4,5,4,4,5,5,5,5,3,3,4,3,4,3,5,5,5,4,5,4,5,4,4,4,5,4,5,4
9,1,3,1,2,1,3,4,4,3,4,4,4,4,4,4,4,5,4,4,5,4,4,4,4,4,5,5,5,4,5,4,4,4,2,2,3,4,4,5,4,3,4,4,4,2,3,4,3,3,3,4,4,4,5,3,4,4,4,4,4,4,4,4,4
10,1,3,4,1,1,3,3,3,2,4,4,4,4,4,4,4,4,3,4,4,4,4,3,3,3,3,4,4,4,4,4,4,4,2,2,2,4,4,4,4,3,3,3,3,2,1,4,2,2,2,4,3,3,4,3,3,4,3,3,3,4,4,4,3
11,1,3,2,3,0,4,4,4,4,5,5,5,5,4,4,4,4,5,5,4,5,4,5,5,5,4,4,4,4,4,4,4,4,3,3,3,4,4,4,4,4,4,4,4,3,3,4,3,3,3,4,4,3,4,4,4,4,4,5,4,4,4,5,4
12,0,1,3,2,1,2,4,3,3,4,4,4,4,4,4,4,4,4,4,4,4,4,4,4,4,4,5,4,4,4,3,3,3,3,3,3,4,4,4,4,3,4,3,3,2,2,3,2,3,2,4,4,4,3,4,4,4,4,4,3,3,4,4,4
13,1,1,1,3,1,3,4,4,4,4,4,4,4,4,4,4,4,4,4,4,4,4,4,4,4,4,4,4,4,4,4,4,4,3,3,3,4,4,4,4,4,4,4,4,3,3,4,3,3,3,4,4,4,4,4,4,4,4,4,4,4,4,4,4
14,1,3,3,3,0,3,3,4,3,4,3,4,4,5,5,5,4,4,4,3,4,4,3,4,4,4,4,3,4,4,3,3,3,2,2,2,4,4,4,4,4,4,4,3,2,2,3,2,3,2,3,4,3,4,3,3,3,4,4,4,4,3,4,5
15,0,3,3,1,1,4,4,4,4,4,4,4,4,5,4,5,5,4,3,4,4,5,5,4,5,4,4,4,4,4,4,5,4,3,3,3,4,4,4,4,4,4,4,4,3,3,4,3,3,3,5,4,5,4,5,5,4,5,4,4,4,5,4,4
16,0,3,2,3,1,2,4,4,5,5,4,4,4,5,4,4,4,5,4,4,4,4,3,4,4,4,5,5,5,5,5,4,4,3,3,3,4,4,5,4,4,4,4,4,3,3,4,2,3,3,5,5,5,4,4,5,5,4,4,4,4,4,4,5
17,0,3,5,1,0,4,4,4,5,4,4,4,4,4,4,4,4,4,5,5,5,4,4,4,4,4,4,4,4,4,5,4,5,3,2,3,4,4,4,4,5,4,4,4,3,3,5,3,3,2,5,5,5,5,5,4,5,5,4,5,5,4,5,5
18,1,3,5,3,0,4,4,5,5,5,5,5,4,5,5,5,4,4,4,5,4,5,4,4,4,5,5,4,5,5,4,5,5,3,3,3,4,4,4,4,5,4,5,5,3,3,5,3,4,3,4,4,4,5,4,4,4,5,4,5,4,4,4,5
19,0,3,5,3,1,4,4,4,3,4,4,4,4,4,4,4,4,4,4,4,5,4,4,5,4,4,4,4,4,4,4,4,4,3,3,3,5,4,4,4,4,4,4,4,3,3,4,4,3,3,4,4,4,4,5,4,5,4,4,3,4,4,4,4
20,0,2,5,1,1,3,3,4,5,5,5,5,5,5,4,5,5,5,5,5,5,4,4,4,4,4,5,4,4,4,4,4,4,2,3,2,4,4,5,4,4,4,4,4,3,3,5,3,3,3,4,4,4,4,4,4,5,4,5,5,4,4,4,5
21,0,3,5,3,0,3,5,3,5,4,4,4,4,5,4,4,4,4,5,4,4,5,5,5,5,5,5,5,5,4,5,5,5,3,2,3,4,5,4,4,4,4,5,4,3,3,5,2,3,3,5,5,5,4,5,4,4,4,4,4,4,4,5,4
22,1,3,3,3,0,3,3,4,3,4,4,4,4,5,5,5,5,3,3,3,4,4,4,4,4,4,4,4,4,4,3,3,3,2,2,2,4,5,4,4,4,4,3,4,3,2,4,2,2,2,4,4,4,3,4,4,4,4,4,4,4,4,4,4
23,0,3,4,3,1,4,3,3,4,5,4,5,5,4,5,5,5,4,4,4,4,4,4,4,4,5,4,5,5,5,4,5,4,3,2,2,4,4,4,4,3,4,4,4,3,2,4,2,2,2,4,4,4,4,3,4,5,4,4,4,4,4,4,4
24,1,3,5,3,1,4,4,5,4,5,5,5,5,4,4,4,4,4,4,4,4,3,4,4,4,5,5,4,5,5,4,4,4,3,3,3,4,5,4,4,4,4,4,3,3,4,4,3,3,3,4,4,4,5,4,4,4,4,4,4,3,4,4,4
25,1,3,5,3,0,4,4,4,4,5,4,5,5,5,5,5,5,4,5,4,4,4,4,4,5,5,5,5,5,4,5,5,5,3,3,2,4,4,4,4,4,4,4,4,3,3,5,3,3,3,5,5,4,5,5,5,4,4,4,4,4,4,4,4
26,0,3,5,3,0,4,3,4,4,5,5,5,5,5,5,5,5,4,4,4,4,4,3,4,4,4,4,4,4,5,4,4,4,3,3,3,4,4,4,4,4,4,4,4,3,4,4,3,3,3,5,4,4,4,4,4,4,4,3,4,3,4,4,4
27,0,3,3,1,1,4,4,4,5,4,5,5,5,5,4,5,5,5,4,5,5,4,4,4,4,5,5,5,5,5,5,5,4,3,3,3,5,4,5,5,4,4,4,4,3,3,5,3,3,3,4,5,5,5,5,5,5,4,4,4,5,4,5,5
28,0,3,1,3,0,4,4,4,4,5,5,5,5,5,5,5,4,4,4,4,4,5,4,5,5,4,4,4,4,4,5,4,4,3,3,3,5,4,5,5,5,5,5,4,3,3,4,3,3,3,4,4,5,4,4,4,4,5,4,5,4,4,4,5
29,1,3,5,1,0,4,4,4,4,4,4,4,4,5,5,4,5,5,5,4,5,5,5,5,4,5,4,4,4,4,4,5,4,2,2,2,4,4,4,4,5,5,5,4,2,3,4,3,3,3,4,4,4,4,4,4,4,5,4,4,5,4,4,4
30,0,3,2,3,1,3,3,3,2,4,4,3,4,3,4,4,4,3,3,2,3,3,4,3,3,4,4,4,4,4,3,3,3,2,2,2,3,3,3,3,3,3,3,4,1,2,3,2,2,2,3,3,2,4,3,3,3,4,4,4,3,3,2,4
31,1,3,1,2,1,4,4,4,4,4,5,5,5,5,5,5,5,5,4,4,4,4,4,4,4,5,4,5,5,5,4,4,4,2,2,2,4,4,3,4,5,5,5,5,4,3,4,3,3,3,4,4,4,4,4,4,5,4,5,4,4,4,4,4
32,0,3,5,3,0,5,4,3,5,5,5,4,5,4,5,4,4,5,4,5,5,4,5,4,4,5,5,5,4,5,5,5,5,3,3,3,5,5,5,5,4,4,4,4,3,3,4,4,3,3,4,4,5,5,4,4,4,5,4,4,5,4,4,4
33,0,3,2,1,0,4,5,4,4,4,5,5,5,4,4,4,4,4,4,4,4,4,4,4,4,5,5,5,4,5,4,4,4,3,4,3,4,4,4,4,4,4,4,4,3,3,4,3,3,3,5,4,5,4,5,5,4,5,5,5,5,4,4,4
34,0,3,2,3,0,4,4,4,4,5,5,5,4,4,4,4,4,5,5,4,5,4,5,5,5,5,4,5,5,5,4,4,4,3,3,3,5,5,5,5,4,4,5,4,3,3,4,3,4,3,4,4,4,4,4,4,5,5,5,5,4,4,4,4
35,0,1,2,3,1,4,5,4,3,4,5,5,5,5,4,5,5,5,4,4,4,5,5,5,4,4,4,4,5,4,4,5,4,3,4,3,5,4,5,5,4,4,4,4,3,3,4,3,3,3,4,4,4,4,4,5,5,5,5,5,4,5,5,4
36,1,2,1,1,1,3,3,3,3,4,4,4,4,5,4,5,5,4,4,5,4,4,3,4,4,4,4,4,4,5,3,3,3,2,1,2,3,4,4,4,4,4,4,4,2,2,4,2,3,2,4,4,4,3,5,4,4,4,4,4,4,3,4,4
37,1,2,1,3,0,3,4,4,4,4,5,4,4,5,4,5,5,4,4,4,4,4,5,4,4,4,5,5,5,5,4,4,4,3,3,3,5,5,5,5,4,4,5,4,3,3,4,3,3,4,4,4,4,3,4,4,4,4,5,5,4,4,4,5
38,1,3,2,3,0,4,4,5,4,4,4,4,4,4,5,5,5,5,5,4,5,4,5,5,5,5,4,5,5,5,5,4,4,3,3,3,5,4,4,4,5,4,5,5,3,3,4,3,3,4,5,5,4,4,5,5,5,5,5,5,5,4,5,5
39,1,3,5,3,1,4,4,4,4,5,4,4,4,4,5,5,5,4,4,5,4,4,4,4,4,4,4,4,4,4,4,4,5,2,3,3,4,3,4,4,5,5,5,5,4,3,4,3,3,3,4,4,4,4,5,4,4,4,4,4,4,4,4,4
40,1,3,1,1,0,3,3,3,4,4,4,4,5,4,4,4,4,3,4,4,4,4,4,4,4,4,4,4,4,4,4,3,4,2,2,2,3,3,3,4,4,4,4,4,2,1,4,2,2,2,4,4,4,4,4,4,4,4,4,5,4,4,4,4
41,0,3,5,1,0,3,4,4,4,5,5,4,5,5,4,5,5,4,4,5,4,5,5,5,5,5,4,5,5,5,4,4,4,2,3,2,4,4,4,4,4,5,4,4,3,3,4,3,3,4,4,4,4,4,4,4,4,4,4,5,4,4,4,4
42,0,3,1,1,1,3,3,3,3,4,4,4,4,5,4,4,4,3,4,3,3,4,4,4,4,4,5,4,4,4,3,3,4,1,2,2,3,3,3,3,4,4,4,3,2,2,3,1,2,2,3,4,3,3,3,3,3,3,3,4,3,4,3,3
43,0,3,4,2,1,4,4,3,3,4,4,4,4,4,5,5,5,4,3,4,4,3,4,4,4,4,4,4,4,4,4,4,4,3,3,2,4,5,4,4,4,4,4,3,2,3,4,3,3,3,4,4,4,3,4,3,4,4,4,4,4,4,4,4
44,1,3,5,3,0,3,3,3,3,4,4,3,4,4,4,4,4,3,3,3,3,3,3,3,3,3,4,4,4,4,3,3,3,1,2,1,4,4,3,4,3,3,3,3,2,1,4,2,2,2,4,4,4,3,4,4,4,3,3,3,4,4,4,4
45,1,1,1,3,0,4,4,4,4,5,5,5,5,4,4,4,4,4,4,4,4,4,4,4,4,5,5,5,5,5,4,4,4,3,3,3,4,4,4,4,4,4,5,4,4,3,4,3,3,3,5,5,5,4,4,5,4,4,4,4,5,4,5,4
46,1,3,5,3,0,4,5,4,4,5,5,5,4,5,5,5,5,4,4,4,4,4,5,4,4,3,4,4,4,4,5,5,4,3,3,3,5,4,4,4,4,4,5,4,3,3,5,3,4,3,4,4,4,5,4,4,5,5,5,5,4,5,5,4
47,1,3,1,3,1,3,3,3,3,4,4,4,3,3,4,4,4,3,3,4,3,3,4,3,3,4,4,4,4,4,4,4,4,3,3,3,4,4,4,4,4,4,3,4,2,2,4,2,3,2,3,3,3,4,3,4,3,3,4,3,3,3,4,3
48,0,3,1,1,0,3,3,3,2,4,4,4,3,4,4,4,4,4,4,4,4,3,3,4,3,4,4,4,3,4,3,3,3,2,1,1,3,3,2,3,3,2,3,3,3,3,3,3,3,3,3,3,4,2,3,3,4,4,3,3,4,3,4,3
49,0,3,5,1,0,4,3,2,3,4,3,4,4,5,5,5,4,3,3,3,4,3,3,4,3,4,4,4,4,4,3,3,3,1,2,2,3,3,3,3,3,3,3,3,3,3,3,3,3,3,4,3,4,4,4,4,3,4,4,4,3,3,4,4
50,0,3,5,3,0,4,3,3,3,4,4,3,4,4,5,5,5,4,4,4,4,3,3,4,3,4,4,4,5,4,4,3,4,2,2,2,3,3,4,3,4,4,3,4,2,2,4,3,2,2,3,4,4,4,4,4,3,4,4,5,4,3,3,4
51,1,2,5,3,1,4,4,3,4,5,5,5,5,5,4,5,5,4,4,4,4,4,5,4,4,5,5,4,5,5,4,4,5,3,3,3,5,4,4,4,4,4,4,5,3,3,4,3,3,3,5,4,4,4,4,4,4,4,4,4,4,4,5,3
52,1,2,5,1,0,3,3,2,3,4,4,4,4,5,4,4,4,4,4,4,4,4,4,3,4,3,4,4,4,4,3,4,4,3,3,3,4,4,4,4,4,3,3,3,2,2,4,2,2,3,4,4,4,4,4,4,4,4,4,4,3,4,4,4
53,0,2,1,2,1,2,2,1,3,3,3,4,3,3,2,3,3,3,2,2,2,3,3,2,3,3,3,3,3,2,2,2,1,2,1,1,4,4,4,4,2,2,2,2,1,1,2,1,1,2,4,4,4,2,4,4,2,3,2,2,3,4,3,2
54,0,1,3,3,1,4,4,4,4,4,4,4,4,4,4,4,4,4,4,4,5,5,4,4,4,4,4,3,4,4,4,5,4,3,3,3,5,5,4,5,5,5,5,5,4,3,4,3,3,3,4,5,5,4,5,5,5,4,4,4,5,5,5,4
55,1,3,4,1,0,3,3,2,3,4,4,3,4,4,4,3,4,4,4,4,4,4,3,4,4,4,4,4,4,3,3,3,4,3,3,3,4,4,4,4,3,3,3,4,2,2,3,1,2,2,4,4,4,3,3,4,4,4,4,3,4,4,4,4
56,0,3,1,3,0,4,4,4,4,4,4,4,4,5,5,5,4,5,4,4,4,4,4,4,4,5,5,5,5,5,5,4,5,3,3,3,5,5,5,5,5,5,5,4,3,3,5,3,3,2,4,4,4,5,5,4,5,5,5,4,5,4,4,5
57,1,3,2,3,1,3,3,4,3,4,4,5,4,5,5,4,5,4,4,4,3,3,3,3,3,4,4,4,4,5,4,3,3,2,2,2,4,4,4,4,4,4,3,4,3,3,3,3,2,3,3,3,3,3,3,4,4,4,4,4,4,3,4,4
58,1,3,2,1,0,4,4,4,4,4,4,4,4,5,4,5,5,4,5,4,4,5,5,4,5,5,5,4,5,5,4,4,4,3,3,2,5,5,4,5,5,5,5,5,3,4,5,3,3,3,4,4,4,4,4,4,5,5,5,5,4,5,4,5
59,1,1,1,3,0,4,4,3,4,4,4,4,4,4,4,4,5,4,4,4,4,5,5,5,4,5,5,5,5,4,4,4,4,3,2,2,4,3,4,4,5,5,4,5,3,4,4,3,3,3,4,4,4,4,4,4,4,4,4,4,4,4,4,3
60,0,1,2,3,1,3,3,3,2,5,4,4,4,4,4,5,4,3,3,3,3,3,3,3,3,3,3,3,3,4,3,3,3,2,2,1,3,3,2,3,4,4,4,4,1,2,3,2,2,2,4,4,4,2,4,4,4,3,3,3,4,3,4,3
61,1,2,2,3,1,5,3,4,3,4,5,5,5,4,4,4,4,4,4,5,4,4,5,4,4,5,5,5,4,5,4,4,4,3,3,3,4,5,5,5,4,4,3,4,3,3,3,2,3,3,5,5,5,4,5,4,4,4,4,4,4,4,4,4
62,0,2,2,3,0,4,3,4,4,4,5,5,5,5,5,4,5,4,3,4,4,4,5,4,4,4,5,4,4,4,5,4,4,2,3,3,4,4,4,4,5,5,5,4,3,4,4,3,3,3,5,4,5,4,5,5,4,3,4,4,3,4,4,4
63,1,2,2,1,0,4,4,3,4,4,5,5,5,5,5,5,5,4,4,4,4,4,4,4,4,4,4,4,4,4,4,3,4,3,3,2,4,4,4,4,5,4,4,4,3,3,4,3,3,3,5,5,5,4,5,4,5,4,4,4,4,4,5,5
64,0,3,1,2,0,3,3,3,4,4,4,4,5,4,4,4,4,4,3,4,4,3,3,3,4,3,4,4,4,4,4,4,4,2,2,2,4,4,4,4,4,4,4,4,2,3,4,3,3,3,4,4,4,4,4,4,3,4,4,4,3,3,3,4
65,0,3,1,2,0,4,4,4,5,5,4,5,5,4,4,4,4,4,4,4,4,4,4,4,4,5,5,4,5,5,5,4,4,2,3,3,4,5,5,5,5,5,4,5,3,3,4,3,3,3,4,4,4,4,5,4,4,5,5,5,5,5,4,5
66,0,3,2,2,1,5,4,3,4,4,4,4,4,5,5,4,5,4,4,5,4,5,4,4,4,4,4,4,5,4,4,4,4,3,3,3,5,5,4,5,4,3,4,4,3,3,4,3,3,4,4,4,4,4,4,4,4,5,4,4,4,5,5,4
67,1,3,2,3,0,4,4,4,3,4,4,4,4,4,5,5,5,4,4,4,4,4,5,4,4,4,4,4,4,5,4,5,4,3,3,3,5,5,4,5,5,5,5,5,2,3,4,3,3,3,4,5,4,4,4,4,5,4,4,4,4,4,5,4
68,0,3,1,3,0,3,4,5,4,4,4,4,4,5,5,5,5,5,5,4,5,5,5,5,4,5,4,5,5,5,5,4,5,3,3,4,4,4,4,4,4,5,4,4,3,3,5,3,2,3,4,4,4,5,4,4,4,4,4,4,4,5,4,5
69,1,3,5,3,0,4,3,3,3,4,4,4,4,4,4,4,4,3,3,3,3,4,3,3,3,5,4,4,4,4,4,3,4,2,1,2,4,4,4,4,4,4,4,4,2,2,4,2,2,3,4,3,4,4,4,4,4,4,4,3,4,4,4,4
70,1,3,1,3,0,4,3,4,5,4,4,4,4,4,5,4,4,4,4,4,4,4,4,4,4,4,4,4,5,4,5,4,4,3,2,3,5,4,5,5,4,3,4,4,3,3,4,3,3,2,5,4,4,4,4,4,4,4,4,5,5,4,5,4
71,0,3,1,3,1,4,4,4,4,4,5,5,5,5,5,5,5,4,4,4,4,5,5,5,4,4,4,4,4,4,4,5,5,3,2,3,5,5,5,5,4,4,4,4,3,3,5,4,3,3,4,4,4,5,5,4,5,4,5,5,4,4,4,5
72,0,3,1,3,0,3,4,4,4,4,4,5,4,4,5,5,5,4,4,4,5,5,5,4,5,4,4,4,4,4,5,5,5,2,2,2,4,4,4,3,5,5,5,5,4,3,4,3,3,3,4,4,4,5,4,5,4,4,4,4,4,4,4,5
73,1,3,4,1,0,4,5,4,4,4,4,4,4,4,4,4,4,4,5,4,4,4,5,5,5,4,4,4,4,4,4,4,4,3,3,3,4,4,4,5,4,5,5,5,3,3,4,3,3,3,5,5,5,4,4,5,4,4,4,4,4,5,4,5
74,1,3,1,1,0,3,4,3,3,4,4,4,4,5,4,5,5,4,4,4,4,4,4,4,4,4,4,4,5,4,4,3,3,2,1,2,4,4,4,4,4,4,4,4,3,3,3,3,3,2,4,4,3,3,4,4,4,4,4,4,4,4,4,3
75,1,3,5,1,1,4,4,5,4,5,5,5,5,4,4,4,4,4,4,4,4,4,4,4,4,4,5,5,5,5,5,4,4,3,4,3,5,5,4,5,5,5,4,5,4,3,4,3,3,3,5,5,5,4,4,5,4,4,4,4,5,5,5,4
76,0,3,1,1,0,4,3,4,4,5,5,5,5,5,5,4,5,4,4,4,5,4,4,5,4,4,4,4,4,4,5,5,4,3,3,3,4,5,5,5,4,4,4,4,3,3,5,3,3,2,4,4,4,5,4,4,5,4,4,4,4,4,4,4
77,0,3,2,2,1,4,4,4,4,5,5,4,5,4,4,4,4,4,5,4,4,4,4,4,5,5,5,5,5,5,5,5,4,3,3,3,4,4,4,4,4,4,4,4,3,4,5,3,3,3,4,4,4,5,4,4,4,5,4,4,5,5,4,4
78,0,3,4,4,0,4,3,4,4,4,5,4,4,5,5,5,4,5,4,5,5,4,4,4,5,4,5,5,5,5,4,4,3,3,3,3,4,4,5,4,5,4,4,4,3,3,4,3,4,3,4,4,4,4,4,4,4,4,4,4,4,4,5,4
79,1,3,1,3,1,4,4,4,3,4,5,5,5,4,4,4,4,5,5,5,5,4,4,5,4,4,5,5,5,5,4,4,4,2,2,3,5,5,5,4,4,4,4,4,3,3,5,3,3,4,4,5,4,4,4,4,4,5,5,4,5,5,4,5
80,1,3,1,3,0,3,3,3,3,4,5,4,4,5,4,4,4,4,4,4,4,3,3,4,3,4,4,3,4,4,4,3,4,2,1,2,4,4,4,4,4,4,4,4,2,2,4,1,2,2,4,4,4,4,4,4,4,3,3,3,4,3,4,3
81,1,3,1,3,1,4,4,4,4,4,4,5,4,5,4,5,5,4,4,4,5,4,4,4,3,5,4,5,5,5,5,5,5,2,3,3,4,4,5,4,4,4,3,4,3,4,4,3,3,3,4,4,4,5,4,4,4,4,4,4,4,4,4,4
82,1,3,2,1,1,3,3,2,3,4,5,4,4,4,4,4,5,4,4,4,4,4,3,3,3,3,3,3,4,3,3,3,3,2,2,2,3,3,3,3,3,3,3,4,2,2,4,2,3,2,4,4,4,3,4,4,3,3,2,3,3,3,3,3
83,0,3,1,1,1,4,3,4,4,5,4,5,5,5,4,5,5,4,4,4,5,4,4,4,4,4,4,4,4,4,5,4,4,3,2,2,4,4,4,4,4,4,4,4,3,3,4,3,3,3,5,5,5,4,5,4,4,4,4,4,4,5,4,4
84,1,3,1,3,0,3,3,3,3,4,4,4,4,4,4,4,3,3,4,3,3,3,3,3,4,4,4,4,3,4,4,4,4,1,2,2,3,4,3,3,3,3,2,3,2,3,4,2,2,2,2,3,3,4,3,3,4,4,3,4,4,4,4,4
85,0,3,2,3,0,5,4,4,4,5,5,5,5,5,5,5,4,4,5,4,4,4,4,5,4,5,4,5,5,5,5,5,5,3,2,3,5,4,4,4,5,5,5,5,3,2,4,3,3,3,5,5,5,5,4,5,5,4,4,4,4,5,5,4
86,1,1,5,3,0,2,3,3,3,4,4,4,4,3,4,4,4,3,4,3,3,4,4,4,4,4,4,4,5,4,4,4,4,1,1,1,4,3,3,3,4,4,4,4,3,3,3,3,3,3,3,2,3,4,3,3,3,4,4,4,3,3,3,4
87,0,1,4,3,0,4,4,3,4,5,5,5,4,4,5,5,5,5,4,4,4,4,4,5,4,4,5,5,5,5,4,4,4,2,2,2,4,4,4,4,5,4,5,5,3,3,4,3,3,2,4,4,4,5,3,4,5,4,4,4,5,5,4,4
88,0,2,5,3,0,4,4,5,4,5,5,5,4,4,5,4,4,4,4,5,4,5,4,5,5,4,5,5,5,5,4,4,4,3,3,2,4,4,4,4,4,4,4,4,3,3,5,3,3,3,4,5,5,4,5,5,5,5,4,5,4,5,4,5
89,1,2,5,3,1,3,3,3,3,4,4,4,3,4,4,5,4,4,4,4,4,4,4,4,3,5,4,4,4,4,4,4,4,3,3,3,3,4,4,4,3,3,3,3,2,2,4,2,2,1,4,4,4,4,3,4,3,3,3,3,3,4,3,3
90,1,2,5,3,1,4,4,4,5,5,4,4,4,5,5,5,4,4,4,4,4,4,4,4,5,4,5,5,5,5,4,4,4,3,3,3,4,5,4,4,4,4,4,4,3,3,5,4,3,3,4,5,5,4,5,5,4,5,5,5,5,4,5,4
91,1,3,5,3,0,3,5,4,4,5,5,5,5,4,4,4,4,4,4,4,4,4,5,5,5,5,5,5,5,5,5,5,4,2,2,2,4,4,4,4,4,5,4,4,3,3,5,3,3,3,4,4,4,5,5,4,4,4,4,4,4,5,4,4
92,1,3,1,3,0,4,4,3,5,5,5,4,5,5,5,4,5,4,4,5,4,4,4,4,4,4,5,5,5,5,5,5,5,3,3,3,4,4,4,4,4,4,4,4,3,3,5,3,3,4,4,5,4,4,4,4,5,4,4,4,5,5,5,4
93,0,3,5,1,0,2,3,3,3,3,3,4,3,3,4,4,4,3,3,2,3,3,3,3,4,4,4,4,4,4,4,3,3,3,3,3,4,4,3,4,4,4,4,4,3,2,3,2,2,2,4,4,4,3,4,4,4,3,3,3,4,4,4,3
94,0,3,5,1,0,2,3,3,3,4,4,4,4,4,4,4,4,3,3,3,4,4,4,4,4,4,4,3,4,4,4,4,3,2,2,2,3,4,4,4,3,4,3,3,2,2,4,2,2,1,3,3,4,4,3,3,3,4,4,4,4,4,4,4
95,1,1,5,3,0,3,3,3,4,4,4,4,4,4,5,4,4,4,3,4,4,4,4,4,4,4,4,4,4,5,5,4,4,2,2,3,4,3,4,4,4,5,4,4,2,2,4,2,2,2,4,4,4,4,4,3,4,4,4,3,5,4,4,4
96,1,3,5,3,0,4,3,2,3,4,4,4,4,4,4,4,4,4,4,4,4,3,4,3,3,4,4,4,3,4,4,4,4,3,3,3,3,3,3,4,3,4,3,3,2,2,4,2,3,2,3,3,3,4,4,3,3,3,4,3,3,3,3,3
97,1,2,5,1,1,4,4,3,4,5,5,4,5,5,5,5,4,5,5,4,5,4,5,5,5,4,4,4,4,4,5,5,5,3,3,3,5,4,4,4,4,4,4,4,3,3,4,4,3,3,4,4,3,5,4,4,4,4,4,4,4,4,4,4
98,1,2,4,3,0,3,4,3,4,4,4,4,4,5,5,5,4,4,4,4,4,4,4,3,4,4,4,5,4,4,4,4,4,2,2,2,4,4,5,4,4,4,3,4,2,2,4,3,2,2,4,4,4,5,3,4,4,4,4,4,4,5,5,4
99,0,2,3,1,1,4,4,4,3,4,4,4,4,5,5,4,5,4,4,4,4,5,5,4,5,5,4,4,4,4,4,4,4,3,2,2,4,5,4,4,4,4,4,4,3,3,4,3,3,3,4,4,4,4,4,4,5,5,5,5,4,4,4,4
100,0,1,2,3,0,2,3,4,3,4,4,4,4,4,4,4,4,4,3,3,3,3,3,4,3,4,4,5,4,4,3,3,3,2,1,1,3,3,4,3,4,3,3,3,2,2,3,1,2,2,4,4,4,4,4,3,4,4,4,4,4,4,4,3
101,0,1,5,3,0,4,4,3,2,4,4,3,4,4,4,4,4,4,3,4,4,4,4,3,4,4,4,4,4,4,4,4,4,3,3,3,4,4,4,4,4,4,4,4,2,1,4,2,2,2,4,4,4,4,4,4,4,5,4,4,4,4,4,4
102,1,2,2,2,1,3,3,4,2,4,3,3,3,4,4,4,3,4,4,4,4,3,4,3,3,4,4,5,4,4,3,3,4,3,3,3,4,3,3,3,3,3,3,3,3,2,3,2,2,2,4,4,4,3,4,3,3,4,4,4,3,3,4,4
103,1,2,5,3,0,4,4,3,4,5,5,4,5,4,4,4,4,4,4,4,4,4,4,4,4,5,5,5,5,4,4,3,4,3,3,3,4,4,3,4,4,4,4,4,3,3,4,3,4,3,5,4,5,4,5,5,5,4,4,4,5,4,5,4
104,0,3,5,3,1,3,2,3,3,4,4,4,4,4,4,4,4,3,3,3,3,3,3,4,3,4,4,4,4,4,4,4,4,2,1,2,3,4,3,3,4,4,4,4,2,1,3,2,2,2,3,2,3,4,3,3,3,4,4,4,3,4,3,4
105,1,3,2,1,0,4,4,3,4,4,5,5,5,5,5,5,4,4,5,4,4,4,5,4,4,4,4,4,4,4,4,4,4,2,2,2,4,4,3,4,3,4,4,4,2,3,4,3,3,3,4,4,4,5,4,4,5,4,4,4,4,5,5,4
106,1,3,5,4,1,4,4,4,4,5,5,5,4,4,5,5,5,5,4,5,5,4,4,5,4,5,5,5,5,4,5,5,4,3,3,3,5,4,5,5,4,4,4,4,3,4,5,3,3,3,4,4,4,5,5,4,4,4,4,4,4,4,4,4
107,1,3,2,3,0,4,4,3,4,4,4,5,4,5,4,4,4,5,4,4,4,5,5,5,5,5,5,5,4,5,4,4,4,4,3,3,4,4,4,4,4,5,5,5,3,3,4,3,4,3,4,4,4,4,4,4,5,4,5,4,4,5,5,4
108,0,3,5,4,1,4,5,4,4,5,5,4,5,5,4,4,4,4,4,4,4,4,4,4,4,4,5,4,4,4,4,4,4,3,2,3,4,4,4,4,5,5,5,5,3,4,5,4,4,4,4,5,5,4,5,5,5,5,5,5,5,5,5,5
109,0,3,5,3,0,4,3,3,5,5,4,5,5,5,5,5,5,4,4,4,3,5,4,4,4,4,4,4,4,4,4,3,4,3,3,3,3,4,4,4,4,4,4,4,3,2,4,2,2,2,4,4,4,4,4,4,4,4,4,4,4,4,4,4
110,1,3,5,4,1,4,4,4,4,5,5,5,4,4,5,4,4,5,5,5,5,5,4,5,5,5,5,4,5,5,5,5,4,3,3,3,4,4,4,4,5,5,4,5,3,3,5,3,3,3,5,4,4,5,4,4,5,4,4,4,5,4,5,4
111,0,3,2,3,0,3,5,4,5,4,5,5,5,5,4,5,5,4,5,5,5,5,4,5,5,5,4,5,5,5,4,4,4,3,3,3,4,4,4,4,4,4,4,4,2,3,4,3,3,3,4,4,4,5,4,4,4,4,4,4,4,5,4,4
112,0,3,1,1,0,5,4,4,4,4,4,4,4,5,5,4,5,4,4,4,4,4,5,5,5,4,4,4,4,4,4,5,5,3,3,3,4,4,4,4,5,5,5,5,4,3,5,3,3,3,4,4,4,5,4,4,5,4,4,4,5,4,5,4
113,0,3,4,3,1,5,4,3,4,5,5,5,4,5,4,4,4,4,4,4,4,4,5,4,4,5,5,5,5,4,5,4,5,3,2,3,4,4,4,4,5,4,4,4,3,2,5,3,3,3,5,5,4,5,5,5,4,4,5,4,4,4,4,4
114,0,3,1,3,1,4,5,4,5,4,4,4,4,5,5,5,5,5,5,5,5,5,5,5,5,5,5,5,5,5,4,4,4,2,3,3,5,4,5,5,5,5,5,4,3,4,4,3,3,3,4,4,4,4,5,4,5,5,4,5,5,4,5,5
115,0,3,2,3,0,3,5,4,4,5,4,4,4,4,4,4,5,4,5,5,5,4,4,4,4,5,5,4,5,5,4,5,5,3,3,3,4,5,5,5,4,5,4,4,3,3,5,3,3,2,4,4,4,5,4,5,4,4,5,5,4,4,5,5
116,1,3,5,1,0,3,4,4,4,5,4,5,5,5,5,5,5,3,4,4,4,4,4,4,4,5,4,5,5,5,4,4,4,2,3,2,4,4,4,4,4,4,4,4,3,3,3,2,3,3,4,5,4,4,4,4,4,4,5,5,4,4,4,5
117,1,3,1,3,1,2,3,4,3,4,4,4,3,4,4,5,4,4,4,4,4,3,3,3,4,4,4,5,4,4,3,3,3,2,2,2,4,4,4,4,3,3,3,4,2,2,4,1,2,2,3,3,3,3,4,3,3,4,4,4,4,4,4,4
118,0,3,1,1,0,4,4,4,4,5,5,5,5,4,5,5,5,5,5,5,5,4,4,5,4,4,4,4,4,4,4,4,4,2,3,2,5,5,5,5,5,5,5,4,3,3,4,2,3,3,5,4,5,3,5,5,4,5,4,4,4,4,4,4
119,0,3,2,3,0,4,5,4,3,4,4,4,4,5,4,4,4,5,5,4,5,4,4,4,4,4,5,5,5,5,5,5,4,2,2,3,5,5,5,5,4,4,4,4,3,2,5,3,3,3,4,4,4,5,4,4,4,5,4,4,4,4,4,4
120,1,3,1,3,0,4,3,4,4,5,5,5,4,5,5,5,5,4,4,4,4,4,4,4,4,5,5,5,5,5,4,4,4,3,3,3,4,4,5,4,5,5,4,5,3,3,4,3,3,3,4,4,4,5,4,3,5,4,4,4,5,4,5,4
121,1,3,1,1,0,3,3,2,3,3,4,3,3,4,4,4,4,4,4,4,4,4,4,4,4,4,4,4,4,4,3,3,3,3,3,3,3,3,3,3,4,3,4,4,3,3,3,3,3,3,4,3,3,3,3,3,3,4,3,4,4,4,3,4
122,0,3,2,3,0,4,4,5,3,5,4,5,5,4,5,5,5,4,4,5,4,4,5,5,5,5,4,4,4,4,5,4,4,3,3,3,4,4,4,4,5,5,5,4,3,3,4,3,4,3,4,4,4,4,4,5,4,4,5,4,4,5,4,4
123,1,3,1,3,1,4,4,5,4,4,5,4,4,4,5,4,4,4,4,4,4,5,5,4,5,4,5,4,4,4,4,4,4,3,3,3,4,5,4,4,5,5,4,5,3,3,4,3,3,3,4,4,4,4,4,5,5,4,4,4,5,4,5,4
124,1,3,2,3,1,4,4,4,4,4,5,5,5,4,5,5,5,4,5,5,5,4,5,5,5,5,4,4,4,4,4,5,5,3,2,3,4,4,4,4,4,4,4,5,3,3,5,3,4,3,4,5,5,5,5,5,5,4,4,4,5,4,4,4
125,0,3,2,3,1,4,3,5,5,5,4,5,5,4,4,4,4,5,4,5,5,4,4,4,4,5,4,5,5,5,4,5,5,3,3,3,4,4,4,4,5,5,5,4,3,3,5,3,3,3,4,4,4,5,4,4,4,4,4,5,4,4,4,4
126,1,3,1,1,0,3,3,3,3,4,4,4,3,4,4,4,4,4,4,4,4,4,3,4,4,4,4,4,5,4,4,3,4,1,1,1,4,4,4,4,4,4,4,4,3,3,4,3,3,3,4,4,4,4,4,4,4,4,4,4,3,3,4,4
127,1,3,2,3,1,5,5,4,4,5,4,5,5,4,4,5,4,5,5,5,5,5,5,5,4,5,5,4,5,5,5,4,5,3,2,3,4,4,4,4,4,4,4,4,3,4,5,3,3,3,5,5,4,5,5,5,5,4,4,4,4,5,5,4
128,1,3,3,3,0,4,4,4,4,4,4,4,4,5,5,5,5,4,4,4,4,4,4,5,4,5,5,5,4,5,4,4,4,3,3,3,4,3,4,4,4,4,4,3,2,3,5,3,3,3,4,4,4,4,4,4,5,4,4,4,4,5,4,4
129,0,3,1,3,0,5,4,4,4,5,5,4,5,4,4,4,4,5,5,5,4,5,5,5,4,5,4,5,5,5,4,4,4,4,3,3,5,4,4,4,5,5,5,5,3,3,4,3,3,3,4,4,4,4,4,4,5,4,4,4,5,4,5,4
130,0,3,3,2,0,4,3,3,4,5,5,4,5,4,4,4,4,4,4,4,4,4,4,3,4,4,4,4,4,4,4,4,4,2,3,2,4,4,5,4,4,3,4,4,3,3,4,3,2,3,4,5,4,4,4,4,4,4,4,4,4,3,4,4
131,0,3,3,3,1,4,4,4,4,4,4,5,4,4,4,4,4,4,4,4,4,4,4,4,4,5,5,5,5,4,4,4,4,3,3,3,4,4,4,5,5,5,5,4,3,3,4,3,3,3,4,5,4,4,4,4,3,5,5,5,4,4,4,5
132,0,3,3,3,0,3,3,3,4,4,4,4,5,5,5,5,4,4,4,3,4,3,4,3,3,5,4,4,4,4,3,3,3,2,2,2,4,3,4,4,3,3,3,4,3,3,3,3,3,3,3,4,3,4,3,3,3,4,4,4,3,4,4,4
133,1,3,4,3,1,4,2,2,3,4,4,4,3,4,4,4,4,4,4,4,4,4,3,3,3,4,3,4,4,4,3,3,4,2,2,2,4,4,3,4,3,3,3,4,1,2,3,2,2,2,3,4,3,3,3,3,3,3,3,2,3,3,3,3
134,0,3,1,1,1,3,4,5,4,4,4,4,4,5,5,5,4,4,4,5,4,4,4,4,4,4,4,4,4,4,5,4,4,3,3,3,4,4,5,4,5,4,5,5,4,3,4,3,3,3,5,4,5,4,5,5,4,4,4,5,4,4,4,4
135,0,3,1,2,0,4,5,3,4,4,4,5,4,5,5,5,5,4,4,4,5,4,4,4,4,4,4,4,4,4,4,5,5,3,3,3,5,5,5,4,5,5,5,5,3,3,5,4,3,3,4,4,4,5,4,4,5,5,5,5,4,5,5,5
136,1,3,1,3,0,4,3,4,4,4,5,5,5,5,5,5,5,4,4,4,4,4,4,4,4,5,5,5,4,5,4,5,5,2,2,3,4,4,4,4,5,4,5,5,3,3,5,3,3,3,5,5,4,5,5,5,4,5,4,4,3,4,4,4
137,1,3,3,1,0,4,4,5,4,5,4,5,5,5,5,5,4,4,4,5,4,5,5,4,5,4,4,4,4,4,5,5,5,4,3,3,4,4,4,4,4,4,4,4,4,3,4,3,3,3,5,4,5,5,5,5,4,4,5,5,5,5,5,5
138,0,3,1,3,1,4,4,4,5,4,4,5,4,4,4,4,4,4,4,5,4,5,5,5,4,4,5,4,4,4,5,5,4,4,3,3,4,5,5,5,4,4,4,4,3,3,5,3,4,3,4,5,4,5,4,4,4,5,5,5,4,5,4,5
139,1,3,2,1,0,4,4,4,4,5,4,5,5,5,5,5,4,4,4,4,4,4,4,4,4,4,4,4,4,4,5,5,5,3,3,3,4,4,4,4,4,4,4,4,3,3,4,3,3,3,4,4,4,5,4,4,4,4,4,4,4,5,4,4
140,1,3,1,3,1,3,3,3,2,4,3,4,4,4,3,4,4,4,4,4,4,4,3,4,4,5,4,4,4,4,4,3,3,1,2,2,4,4,4,4,3,3,3,3,2,2,3,3,2,2,4,3,4,3,4,4,3,3,3,3,2,3,3,4
141,0,3,3,3,0,3,3,3,3,4,4,3,4,4,4,4,4,4,4,3,4,4,4,4,4,4,4,4,4,4,3,3,3,2,2,2,3,3,4,3,4,3,3,3,1,2,3,2,2,2,3,2,3,4,3,3,3,2,3,3,3,3,4,3
142,1,1,1,3,0,3,3,3,4,4,4,4,4,4,4,4,4,3,4,3,3,4,4,4,4,4,4,4,5,4,4,4,4,2,2,1,3,3,3,4,4,5,4,4,2,2,3,2,2,1,4,4,4,4,4,4,4,4,4,4,4,4,4,4
143,1,1,4,3,0,4,4,4,4,5,5,5,4,4,4,4,5,4,4,4,5,5,5,5,5,5,4,5,5,5,4,5,4,3,2,3,4,5,5,5,5,5,5,5,3,2,4,3,3,3,4,4,5,4,4,4,4,5,4,5,4,5,4,5
144,1,1,3,1,0,4,4,4,3,4,4,4,5,4,4,4,5,4,4,4,4,4,3,4,4,4,4,4,5,4,4,5,4,2,2,2,4,4,4,4,4,4,4,4,3,3,4,3,4,3,4,4,4,4,4,4,5,4,4,4,4,4,4,4
145,0,2,2,3,1,4,4,4,3,5,5,5,5,4,4,4,4,5,4,4,4,5,4,5,5,5,5,5,4,5,4,4,4,2,2,2,4,5,5,5,4,4,5,4,3,3,4,3,3,2,4,4,4,4,4,4,4,4,4,4,4,4,4,4
146,1,2,1,3,0,3,3,3,3,4,4,4,4,4,3,4,4,4,4,4,4,4,4,4,4,4,4,4,4,4,3,3,3,2,1,2,4,4,4,4,3,3,4,3,2,2,4,2,2,1,4,4,4,3,4,4,3,3,4,4,3,4,3,4
147,1,2,4,1,1,4,3,5,4,5,4,5,5,4,4,4,4,4,5,4,4,4,4,5,4,5,4,5,5,5,4,4,4,2,3,3,5,4,5,5,4,4,4,4,3,3,4,3,3,3,5,4,5,4,5,5,4,5,5,5,5,4,5,5
148,1,2,4,1,1,1,1,1,1,3,3,2,3,3,2,3,3,2,2,1,2,4,4,4,4,3,2,2,2,2,4,4,4,2,2,2,2,3,2,2,4,4,4,4,3,3,4,3,3,3,2,2,1,4,2,2,4,2,2,2,4,2,4,1
149,0,2,4,3,1,3,3,4,3,5,4,4,4,4,4,4,4,4,4,4,4,4,3,3,3,4,5,4,4,4,4,4,4,2,2,3,3,3,4,3,3,3,3,4,2,2,4,2,2,3,3,3,3,5,4,3,4,4,4,4,4,4,4,4
150,1,3,1,3,0,4,3,4,3,4,5,5,5,5,4,5,5,3,4,4,4,5,4,4,4,4,4,4,4,4,4,4,5,3,2,3,4,5,4,4,4,4,4,4,2,2,4,2,2,3,5,4,4,4,4,4,4,4,4,4,4,4,4,4
151,1,1,1,2,0,4,4,3,4,4,4,4,4,4,4,5,4,3,4,4,4,4,4,4,4,5,5,5,5,5,4,4,5,2,3,3,4,4,5,4,5,4,4,4,3,3,4,3,2,3,4,4,4,4,4,4,4,4,4,4,4,4,4,4
152,1,3,2,3,1,4,4,3,3,5,5,4,5,5,5,4,5,3,4,4,4,5,4,4,4,5,5,5,5,4,4,4,4,3,3,3,4,4,4,3,4,4,4,4,3,2,4,2,2,2,5,4,4,4,4,4,5,4,4,4,4,4,4,5
153,1,3,2,2,1,3,4,4,4,5,5,5,5,4,5,5,5,5,4,4,4,4,4,4,4,4,4,4,4,4,4,4,4,3,3,3,4,4,4,5,4,4,4,4,2,3,3,3,3,3,3,4,4,4,4,4,4,4,4,4,3,4,4,4
154,1,3,1,3,0,4,4,4,4,5,5,5,5,5,5,5,4,5,5,5,4,5,4,5,5,5,4,5,5,5,5,5,4,3,3,2,5,5,4,5,4,4,4,4,3,3,5,3,3,3,4,4,4,5,4,4,4,4,4,4,4,4,4,4
155,1,3,4,3,0,4,4,4,4,4,4,4,4,4,4,5,4,5,5,5,4,4,4,4,4,4,4,4,4,4,4,4,5,3,3,3,4,4,3,4,4,4,4,4,4,3,4,3,3,3,4,4,4,4,4,5,4,4,4,3,4,4,4,4
156,1,3,2,2,0,5,3,4,4,5,5,4,5,5,4,5,5,4,5,5,5,4,4,4,4,5,5,4,5,5,4,4,4,2,2,2,4,4,4,4,5,4,4,4,3,3,4,4,3,3,4,4,4,4,3,4,4,4,4,4,4,5,4,4
157,1,3,2,1,0,4,4,3,4,4,5,4,4,5,5,4,5,4,4,4,5,4,4,5,4,4,4,4,4,4,4,5,4,2,3,3,4,4,4,4,4,4,4,3,3,3,4,3,3,3,4,4,4,4,4,3,5,4,4,5,4,4,4,4
158,0,3,2,1,1,3,4,3,3,4,5,4,4,4,4,4,4,4,4,4,4,4,3,3,3,4,4,4,4,5,4,4,4,2,2,2,4,4,4,4,4,4,3,4,2,2,4,2,2,3,4,5,4,4,4,4,4,4,4,4,4,4,4,4
159,1,3,2,3,0,3,3,2,3,4,4,4,4,4,3,4,4,4,4,3,4,3,3,3,3,4,4,4,3,4,4,4,4,2,2,1,4,3,3,3,4,3,4,4,2,2,3,2,2,2,3,3,4,4,3,3,4,3,3,3,4,3,4,3
160,0,3,1,3,1,4,3,4,4,4,4,4,4,5,5,5,5,4,4,4,4,5,5,4,5,4,4,4,4,4,4,4,4,3,3,3,4,4,4,4,4,4,4,4,3,3,3,3,3,4,5,4,4,4,4,4,4,4,5,4,4,5,4,4
161,1,3,4,1,0,3,5,5,3,5,4,5,5,5,4,4,4,4,4,4,4,5,4,5,5,4,4,5,4,4,5,5,4,3,3,3,5,4,5,5,5,5,5,5,3,3,5,3,3,2,5,5,5,5,5,4,4,5,5,5,5,5,5,5
162,1,2,5,3,1,3,3,3,3,3,4,3,3,4,4,4,4,4,4,4,4,4,4,4,4,4,5,4,4,4,2,3,3,2,2,2,4,4,4,4,3,3,3,2,2,2,3,2,2,3,4,4,4,3,4,4,4,4,4,4,4,3,4,4
163,0,2,5,1,1,4,4,3,4,4,4,4,4,5,4,5,5,4,4,4,4,4,3,4,4,5,4,5,5,5,4,4,4,3,3,3,5,4,5,5,4,4,4,4,3,4,4,3,3,3,5,4,4,4,4,4,5,4,4,4,4,4,5,4
164,0,2,5,3,0,5,4,4,4,4,5,5,5,4,5,5,5,5,5,4,5,4,5,4,4,4,4,4,4,5,4,5,5,3,3,3,4,5,4,4,5,5,5,4,3,3,5,3,2,3,5,4,5,5,5,5,5,4,4,4,5,4,5,4
165,1,3,5,3,0,3,3,3,3,4,4,3,4,4,4,4,4,3,4,3,3,4,4,3,4,4,4,4,4,4,4,4,4,2,2,2,3,3,3,3,4,4,4,4,2,2,4,3,2,2,4,4,4,4,4,3,3,4,4,3,3,3,4,4
166,1,3,5,2,0,2,3,4,3,4,5,4,4,5,5,4,5,4,4,4,4,4,4,4,4,4,4,4,5,4,4,4,4,2,1,2,4,4,5,4,3,4,4,4,2,2,4,2,3,2,4,3,3,4,3,3,4,4,4,3,4,4,4,4
167,1,3,1,2,1,4,3,3,3,4,5,4,4,4,3,4,4,4,4,4,4,3,3,4,3,5,4,4,4,4,4,4,4,2,2,2,3,3,4,3,3,3,3,4,3,3,4,3,3,3,3,3,4,4,3,3,4,4,4,4,4,3,4,4
168,0,3,5,3,1,5,4,4,4,5,5,5,5,4,4,4,4,4,4,4,4,4,4,4,4,4,5,4,4,4,5,5,5,2,3,3,4,4,4,4,4,5,5,5,4,3,5,3,3,3,4,4,4,4,4,5,4,5,5,5,4,4,4,4
169,1,3,1,2,0,4,4,4,4,5,4,5,5,5,5,4,5,4,4,4,4,5,4,4,4,5,5,4,5,5,4,4,4,2,2,3,5,4,4,4,4,4,4,3,3,3,5,3,4,3,4,4,4,4,4,5,5,5,5,5,4,4,4,5
170,1,3,5,1,0,3,3,3,3,4,4,4,4,4,4,4,5,4,4,3,4,4,4,4,4,4,3,4,4,4,3,3,3,3,3,3,4,4,4,4,3,3,3,3,2,3,3,2,2,2,3,3,3,3,3,3,4,4,3,3,4,3,4,3
171,1,3,1,3,0,4,2,3,2,3,4,3,3,3,4,4,4,4,4,4,4,3,3,3,2,4,4,4,4,4,4,4,4,3,3,3,3,3,3,3,3,3,3,3,3,3,4,3,3,3,3,3,2,4,3,3,4,4,4,4,3,3,3,4
172,0,3,1,1,0,3,2,3,3,4,4,4,5,4,4,4,5,3,3,3,4,3,3,4,3,4,4,4,4,4,4,4,4,3,3,3,3,4,3,3,3,3,3,4,2,2,3,2,3,2,3,3,2,4,3,3,2,3,3,3,3,4,3,3
173,1,3,1,3,0,3,3,3,4,4,4,4,4,4,4,4,5,3,3,3,3,5,4,4,4,4,4,4,4,4,4,4,4,3,3,3,4,4,4,4,4,4,5,4,3,3,3,3,2,3,4,4,3,4,4,4,4,4,4,3,4,3,4,4
174,1,3,5,3,1,3,3,3,3,4,4,4,4,4,4,4,4,4,4,4,4,3,3,3,2,4,4,4,4,4,4,4,3,2,2,1,3,3,3,3,4,4,3,4,2,2,4,1,2,2,4,3,4,4,4,4,3,3,3,4,3,4,3,3
175,0,3,5,2,1,3,2,3,3,5,4,4,4,4,4,4,4,3,3,3,2,4,4,4,4,4,4,4,4,4,4,4,4,1,1,2,3,3,3,3,2,3,3,3,2,2,4,3,2,2,3,3,3,4,4,3,3,4,4,4,3,3,3,4
176,1,3,1,3,0,5,4,4,3,4,5,5,5,4,5,4,4,4,4,4,4,4,5,5,5,4,4,4,4,5,5,5,5,3,3,3,5,4,4,4,5,4,4,4,2,3,5,3,3,3,4,5,4,4,4,4,4,4,4,4,5,4,4,4
177,1,3,3,3,0,5,4,4,4,4,5,5,5,4,4,4,4,4,5,5,5,5,5,5,4,5,5,5,4,5,5,5,5,3,3,3,4,4,4,5,5,4,4,4,4,3,4,3,3,3,4,4,4,5,4,4,5,4,4,4,5,5,4,4
178,0,3,1,3,1,3,4,4,4,4,4,5,4,4,4,4,4,4,4,4,4,4,4,4,4,5,5,4,5,5,4,4,4,2,3,3,4,5,4,4,4,5,4,4,3,2,4,3,3,3,4,4,4,4,4,3,4,4,5,4,4,4,4,4
179,1,3,2,3,1,3,3,3,3,4,3,3,3,4,3,4,4,4,4,4,4,4,3,3,3,4,4,4,5,4,3,4,3,3,3,3,2,3,3,3,3,4,3,3,2,2,3,2,1,2,3,3,3,3,2,3,3,4,4,4,3,2,4,3
180,1,3,2,3,1,3,5,2,3,4,4,3,4,5,5,5,4,4,3,3,3,4,4,3,4,4,4,4,4,4,4,3,3,3,2,2,4,4,4,4,4,4,4,4,3,2,3,3,3,3,4,4,4,3,4,4,3,3,3,3,3,4,3,4
181,1,3,2,3,1,3,4,3,3,4,3,4,4,4,4,4,4,5,4,4,4,3,3,3,3,4,4,5,4,4,3,4,3,3,3,3,4,4,4,4,5,4,4,4,3,3,3,3,3,3,4,4,4,3,3,4,4,4,4,4,4,4,4,4
182,1,3,2,2,0,5,4,4,4,4,4,5,4,4,4,4,4,5,5,5,4,5,5,5,4,5,4,4,4,4,5,5,4,3,3,4,5,5,5,5,5,5,5,5,4,3,5,3,3,3,4,4,4,5,4,4,5,5,5,5,5,4,5,4
183,0,3,1,1,0,4,3,3,4,5,4,4,4,4,4,4,4,4,4,4,4,4,4,4,3,4,5,4,4,4,4,4,4,3,2,2,4,5,4,4,4,4,4,4,3,3,3,3,3,3,3,4,4,4,4,4,4,4,4,4,4,4,4,4
184,0,3,2,3,0,3,3,3,3,3,4,4,4,4,4,4,4,5,4,4,4,4,3,3,3,4,4,4,3,4,4,4,4,1,2,2,4,4,5,4,3,3,3,3,3,3,4,3,3,3,4,4,4,3,5,4,4,4,4,4,3,5,3,4
185,0,3,5,2,1,3,4,3,3,4,4,3,4,4,4,4,4,4,3,4,4,4,4,4,5,5,5,5,5,4,4,4,4,1,2,2,4,4,4,5,4,4,5,4,2,3,5,3,3,3,4,4,4,4,4,3,4,4,5,4,3,4,4,4
186,1,3,2,3,0,3,4,4,4,4,4,4,4,5,5,5,5,5,5,5,5,5,4,4,4,5,5,5,5,4,4,4,4,3,3,3,4,4,4,4,5,5,5,4,3,3,5,3,3,3,4,3,4,4,4,4,4,4,4,4,5,4,5,5
187,0,3,2,3,0,4,4,5,4,4,4,4,5,5,5,5,5,5,4,5,5,5,5,4,5,5,5,5,5,5,4,4,5,3,3,3,5,5,5,4,5,4,5,5,3,3,4,2,3,3,4,4,4,4,4,4,5,5,4,5,5,4,5,5
188,0,3,2,3,0,3,3,4,3,3,4,4,4,4,5,4,4,4,4,4,4,3,4,4,4,4,4,4,3,4,4,4,4,2,2,2,3,4,4,4,4,4,4,4,2,2,4,1,2,2,4,5,4,4,4,4,4,3,4,4,5,4,4,4
189,0,3,2,3,1,4,3,5,4,5,5,4,5,5,5,4,5,4,4,4,3,4,4,4,4,5,4,5,5,5,4,4,4,2,2,2,4,4,4,4,4,4,4,4,3,3,3,3,2,3,5,4,4,4,4,4,4,5,4,4,4,4,4,4
190,1,3,2,3,0,3,3,2,4,4,4,4,3,4,4,4,4,4,4,4,4,3,4,4,4,4,4,4,4,3,4,3,3,3,3,3,4,4,4,4,4,4,3,4,2,2,3,2,2,2,4,4,4,3,4,4,4,4,4,4,4,4,4,3
191,0,3,2,1,1,5,4,5,5,5,5,5,5,4,4,4,5,5,5,5,5,5,4,4,4,4,4,4,4,4,5,4,4,3,4,4,4,4,4,5,4,4,4,4,4,4,4,4,4,4,5,5,4,4,5,5,4,5,4,5,5,4,5,5
192,1,3,3,3,1,3,3,4,3,4,4,4,4,4,4,4,4,3,4,3,3,4,3,4,4,5,4,5,5,5,4,4,4,2,2,1,4,3,3,3,4,4,4,4,2,2,4,3,2,2,3,4,4,3,4,4,3,4,3,4,4,3,4,4
193,1,3,2,3,0,4,4,4,4,5,5,5,4,5,5,5,4,5,5,5,5,4,4,4,4,5,4,5,5,5,5,5,4,3,3,3,4,4,4,4,4,4,4,4,3,3,5,4,3,3,4,4,5,5,4,4,4,5,5,5,5,4,5,5
194,1,3,4,3,1,5,3,5,4,4,4,4,4,4,4,4,4,4,4,4,4,4,4,4,4,4,5,5,5,5,4,4,4,3,3,3,5,5,5,5,5,5,5,5,3,3,4,3,3,4,5,5,5,4,5,4,5,4,4,4,5,4,5,4
195,1,3,5,3,0,2,4,4,3,5,4,4,4,4,4,4,4,3,4,4,4,4,4,4,3,5,4,4,4,4,4,4,4,3,3,3,4,4,4,4,4,4,4,3,3,2,4,2,2,2,4,4,4,4,4,4,4,5,4,4,4,5,4,4
196,0,3,2,1,1,5,3,4,4,4,5,5,5,5,5,5,5,4,4,4,4,5,4,4,4,4,4,5,4,4,4,4,4,3,3,3,4,4,4,4,5,4,5,5,3,3,5,3,3,3,5,5,5,4,4,5,4,4,4,4,3,5,4,4
197,1,3,5,2,1,3,5,5,4,5,5,5,5,4,4,4,5,5,5,5,4,4,4,4,4,4,4,5,4,4,4,5,5,3,4,3,5,5,4,5,5,4,4,4,4,4,5,4,4,3,5,4,5,5,5,5,4,4,4,4,5,4,5,5
198,1,3,2,1,0,3,2,3,3,4,3,4,4,5,4,4,4,2,3,3,3,3,3,3,4,4,4,5,4,4,3,3,2,2,2,2,4,4,4,4,3,3,2,3,3,3,3,3,3,3,3,3,3,3,3,2,4,4,4,4,3,4,4,4
199,1,3,5,2,1,4,4,4,3,5,5,5,4,4,4,4,4,4,4,4,3,4,4,4,4,5,5,5,4,5,4,4,4,2,2,2,4,4,4,4,4,4,4,4,3,3,3,3,3,2,4,5,4,4,4,4,4,4,4,5,4,4,3,4
200,1,3,3,1,1,4,4,4,3,4,4,4,4,5,5,4,5,4,4,4,4,4,3,4,4,4,4,4,4,4,4,4,4,3,3,3,4,5,5,5,4,5,4,4,3,2,4,3,3,3,4,3,4,4,4,4,4,4,3,4,4,5,4,4
201,0,3,4,3,1,3,3,3,3,3,3,4,3,4,3,4,4,3,3,3,2,2,3,3,3,4,3,4,4,4,4,4,4,2,1,2,4,4,3,4,3,3,3,3,1,1,4,1,1,2,4,4,4,3,3,4,4,3,4,4,4,3,4,4
202,1,3,2,3,0,5,4,4,4,4,4,4,4,5,5,5,4,4,4,4,4,5,4,5,5,4,4,5,4,4,4,4,4,3,3,3,4,5,5,5,5,5,4,5,3,3,4,2,3,3,4,4,4,4,4,4,5,4,4,4,4,5,4,4
203,1,3,3,3,0,4,4,3,3,4,4,4,4,4,4,4,4,4,4,4,4,4,4,3,4,4,4,4,4,4,3,4,4,1,2,2,4,4,4,4,4,4,4,4,3,3,4,3,3,3,3,4,4,4,4,4,4,4,4,4,5,4,4,5
204,0,3,2,3,0,3,3,4,3,4,5,4,4,5,5,4,5,4,4,4,4,4,4,4,4,5,5,5,4,5,3,3,4,2,2,2,4,4,3,4,4,4,4,4,1,2,3,2,2,2,4,3,4,3,4,4,4,4,3,3,4,4,4,3
205,0,3,1,3,1,4,4,5,4,4,4,4,4,4,4,4,4,4,5,5,5,5,4,5,5,4,5,5,5,5,4,4,4,4,3,3,5,4,5,5,4,4,4,4,3,3,4,3,3,4,4,4,4,4,5,4,5,4,5,4,4,5,4,4
206,1,3,3,3,0,3,3,4,5,4,4,4,4,5,4,4,4,4,4,5,4,4,4,4,4,4,4,4,4,4,5,5,5,3,3,3,4,4,4,4,4,4,4,4,3,3,4,3,4,3,4,4,4,5,4,4,4,4,4,4,4,5,3,4
207,1,3,1,3,1,3,4,5,4,4,5,5,5,4,4,4,4,4,5,4,4,5,4,5,5,5,5,5,5,4,5,5,5,3,3,3,4,5,5,5,5,4,5,5,3,3,4,3,4,3,5,5,5,5,4,5,4,4,4,5,5,4,4,4
208,0,3,1,3,1,4,3,3,3,4,4,4,3,5,5,5,4,3,3,3,4,4,4,3,4,4,4,3,4,4,5,4,4,2,2,2,4,3,3,3,3,4,3,3,2,1,4,2,2,2,4,3,3,4,3,3,4,4,4,4,3,3,4,4
209,1,3,2,3,1,1,2,1,2,2,2,1,2,3,4,3,3,2,2,1,2,4,4,4,4,2,2,2,2,1,2,2,1,2,2,2,3,2,2,2,2,1,2,2,1,1,2,1,2,1,2,2,2,2,3,2,3,4,4,4,2,1,2,4
210,0,3,1,2,0,4,3,4,4,4,4,4,4,4,4,4,5,3,4,4,4,4,3,4,4,4,4,5,4,4,4,5,4,2,2,3,4,3,4,4,5,5,4,5,3,3,4,4,3,3,4,4,4,4,4,3,4,3,4,4,4,5,4,4
211,0,3,1,2,1,4,4,4,5,4,4,5,4,4,4,4,4,5,5,4,5,5,4,4,4,5,5,5,5,4,5,5,5,3,3,3,5,5,5,4,4,4,4,4,3,3,5,3,4,3,4,4,4,4,4,4,5,5,5,5,5,4,5,4
212,1,3,2,1,0,3,3,3,3,4,4,4,3,5,5,5,4,3,3,3,3,4,3,3,3,4,4,3,4,4,4,4,4,2,2,2,4,5,4,4,4,4,4,4,2,3,4,2,2,2,4,4,5,4,4,4,4,4,4,4,4,4,3,3
213,1,3,1,3,0,4,4,4,4,4,4,4,4,5,5,5,4,4,5,4,4,4,4,4,4,4,4,4,4,5,5,4,5,3,3,3,4,4,4,4,4,4,4,4,3,3,5,4,3,3,5,4,5,5,5,5,4,4,4,4,4,5,4,4
214,1,3,2,3,0,3,3,3,3,4,4,4,4,4,4,4,4,4,4,4,4,3,4,3,3,4,5,4,4,4,4,4,4,1,2,1,3,3,3,3,3,3,4,3,3,2,4,2,2,2,4,4,4,4,4,4,3,3,3,3,4,4,3,4
215,1,3,1,1,1,5,4,4,4,5,4,5,5,5,5,4,5,5,5,5,4,4,5,5,5,4,5,4,4,4,4,4,4,3,3,3,5,4,5,5,4,4,4,4,4,3,4,4,4,4,4,5,5,5,5,5,4,4,5,4,4,4,4,4
216,0,3,2,3,1,2,3,3,3,4,3,3,3,4,5,4,4,4,4,4,4,3,3,3,3,4,4,4,4,3,4,3,3,1,2,2,3,3,3,3,4,4,4,4,3,3,3,3,3,3,4,4,4,3,4,4,2,3,2,3,3,3,3,3
217,1,3,1,2,1,3,3,2,3,4,4,4,3,4,4,3,4,4,4,4,4,4,4,3,4,4,4,4,4,4,4,4,4,1,2,1,3,3,3,3,3,3,3,3,3,3,4,3,3,3,4,4,4,3,3,4,4,2,3,3,4,4,4,3
218,1,3,3,1,0,3,3,3,2,4,4,4,4,4,5,4,4,3,3,4,3,4,4,4,4,4,4,4,4,4,3,3,3,3,3,3,3,3,3,4,3,3,3,3,2,2,4,2,1,2,2,3,3,3,3,3,4,3,3,3,4,4,4,3
219,1,3,4,3,0,4,4,3,4,5,5,5,5,5,5,4,5,4,5,5,5,4,3,4,4,5,4,5,5,5,5,5,5,2,2,2,5,4,5,5,4,4,4,4,3,4,5,3,3,3,5,4,4,4,4,4,5,4,4,4,5,5,5,4
220,0,3,2,1,0,5,4,3,4,5,4,5,5,5,5,4,5,4,4,4,4,5,5,5,5,4,5,5,5,5,4,4,4,2,3,3,4,5,5,5,5,4,4,4,3,3,4,4,3,3,4,4,4,4,5,4,5,5,5,5,4,4,4,4
221,1,3,3,3,0,4,4,4,4,4,4,4,4,5,5,5,5,4,4,4,4,5,5,5,5,5,5,4,5,5,5,4,5,3,3,4,4,4,4,4,4,5,5,5,3,3,5,3,3,4,5,4,5,5,5,5,5,4,4,4,5,5,4,4
222,0,3,1,3,0,3,3,3,2,3,4,3,3,4,4,5,4,3,3,4,3,3,3,4,3,3,4,4,4,4,2,3,3,2,2,2,3,3,3,3,4,4,4,4,2,2,3,3,2,2,3,3,3,3,2,3,4,4,3,3,3,4,4,3
223,1,3,2,3,0,2,3,3,3,4,3,4,4,4,4,5,4,2,3,3,3,3,3,3,3,4,4,3,4,4,3,4,3,3,3,3,3,3,3,3,3,4,4,4,2,2,3,2,2,1,3,3,4,3,3,3,4,3,3,3,4,3,4,3
224,1,3,3,1,0,2,3,3,3,4,3,4,4,4,4,3,4,3,3,3,4,4,3,3,3,4,4,4,3,4,2,3,3,1,2,2,3,3,4,3,3,3,2,3,2,2,3,2,2,2,4,4,4,3,4,4,4,4,4,4,3,3,3,4
225,1,3,3,1,0,5,3,4,4,5,5,4,5,5,4,4,4,4,4,4,4,4,4,4,4,4,5,5,5,5,5,5,5,2,3,2,5,5,5,4,5,5,5,5,3,3,5,3,3,2,5,5,4,5,5,5,4,5,5,5,4,4,4,4
226,0,3,1,2,1,4,5,4,3,5,4,5,5,5,4,4,4,4,4,4,4,4,4,4,4,4,4,4,5,4,4,4,4,3,3,3,5,4,5,5,4,4,4,4,3,3,4,3,3,3,4,4,4,4,4,5,4,5,4,4,4,4,5,4
227,0,3,4,1,0,3,3,2,3,3,3,3,4,4,4,4,3,4,4,4,4,3,3,4,3,4,4,4,5,4,3,3,3,1,2,1,4,4,4,4,3,3,3,4,3,3,2,3,3,3,3,2,3,3,3,3,4,4,4,4,3,3,3,4
228,0,3,1,3,1,4,5,4,4,5,5,5,4,5,5,4,5,4,4,4,4,5,5,5,4,4,4,4,4,4,5,5,5,2,3,3,4,5,5,5,4,4,4,4,4,4,5,3,4,4,5,5,5,4,5,4,5,5,5,4,5,4,5,5
229,1,3,1,3,0,4,4,5,4,5,5,5,5,5,4,4,4,5,4,5,5,4,4,5,4,5,5,4,5,5,5,5,5,2,3,3,4,5,5,5,4,4,4,4,3,3,4,3,3,3,5,5,5,5,4,5,5,5,4,5,4,5,4,5
230,0,3,3,3,0,4,4,4,4,4,4,4,4,4,4,4,4,4,4,4,4,5,5,5,4,5,5,5,4,5,4,4,5,3,3,2,4,4,5,4,5,4,5,5,3,2,4,3,3,3,4,4,4,4,5,4,4,4,4,4,5,5,5,5
231,0,3,3,3,0,3,4,4,4,4,4,4,4,5,5,5,5,3,4,4,4,4,3,4,4,4,4,4,4,4,4,4,3,3,3,3,4,4,4,4,5,4,5,5,3,3,4,3,4,3,3,4,4,4,4,4,4,4,4,4,4,4,4,4
232,0,3,5,3,0,4,4,3,4,4,4,5,4,4,4,4,4,5,4,4,4,4,4,4,4,5,5,5,5,4,5,5,4,3,3,3,4,4,4,5,4,4,4,4,3,3,5,4,3,3,4,4,4,5,4,4,4,4,4,4,4,3,4,4
233,1,3,4,3,1,4,4,3,5,4,4,4,4,5,5,5,5,4,4,4,3,5,4,4,4,4,4,4,4,4,4,4,4,3,3,3,4,4,3,4,4,4,4,4,3,3,4,3,3,2,4,4,4,4,4,4,4,4,4,4,4,4,4,4
234,0,3,4,2,0,3,4,3,3,4,4,4,4,5,5,4,5,3,4,4,4,3,3,3,4,4,4,4,4,4,4,4,4,3,3,3,4,4,4,4,4,4,4,4,3,3,4,3,3,3,4,4,4,4,3,4,4,3,3,3,4,4,4,4
235,0,3,5,2,1,4,4,4,4,4,5,4,4,5,5,5,5,4,5,4,4,5,4,5,5,5,5,5,5,4,4,4,4,3,3,3,4,5,4,4,4,4,4,4,3,3,4,3,4,3,5,5,5,4,5,4,5,5,5,5,5,5,5,4
236,1,3,5,1,0,4,4,5,4,4,4,4,4,4,5,5,5,4,4,4,5,4,5,4,4,5,5,5,4,5,4,4,5,3,3,3,5,5,5,5,4,5,5,5,3,3,4,3,3,3,4,4,4,4,4,4,4,4,4,4,4,4,4,5
237,1,3,5,3,1,4,4,3,4,5,5,5,4,5,5,5,4,4,4,3,4,4,5,4,4,4,4,5,4,4,5,5,4,3,3,2,5,5,5,5,5,4,5,5,3,3,5,3,3,2,4,4,4,5,5,4,4,4,4,4,5,4,5,4
238,0,3,5,1,1,4,4,4,4,5,5,4,5,4,4,4,5,5,5,5,5,4,4,4,4,4,5,5,5,5,5,5,5,3,3,3,4,4,4,4,4,5,5,5,3,3,5,3,3,3,4,4,4,4,4,5,4,4,4,4,5,5,4,4
239,1,3,5,1,1,4,4,5,4,4,5,5,5,4,4,4,5,5,5,5,5,4,4,4,4,5,5,5,5,4,4,4,4,3,3,3,5,5,5,4,5,5,4,5,3,4,5,3,3,3,4,4,4,4,4,4,4,5,4,5,4,5,4,5
240,1,3,5,2,0,2,1,2,3,3,3,2,3,3,4,3,3,2,2,2,2,4,4,4,4,3,3,2,3,3,4,4,4,3,3,3,2,2,2,2,2,3,2,2,1,1,4,1,1,2,3,3,3,4,2,3,2,3,2,2,2,2,3,2
241,0,3,5,1,1,3,4,4,4,5,5,5,5,5,5,5,5,4,4,4,4,4,4,4,5,5,5,5,4,5,4,4,4,3,3,2,5,4,4,4,3,4,4,4,3,3,4,3,2,3,5,5,5,3,4,5,4,4,5,4,4,4,4,4
242,1,3,5,2,0,3,4,4,3,4,4,4,4,5,5,4,5,4,4,4,4,4,4,5,4,5,5,5,4,5,4,5,4,2,3,2,5,4,4,4,4,4,4,4,3,3,4,3,2,3,4,3,4,4,4,4,4,4,4,4,4,4,4,4
243,1,3,5,3,1,3,2,3,4,4,4,4,4,4,4,4,4,4,4,4,4,4,4,4,4,4,4,4,4,5,4,4,4,2,2,2,3,3,3,3,4,3,4,4,2,2,4,2,2,1,5,4,4,3,4,4,4,3,3,4,3,4,4,3
244,1,3,4,1,0,3,3,4,3,4,4,4,3,5,5,5,4,4,5,4,4,4,3,4,4,4,3,4,4,4,4,4,4,3,3,3,4,4,4,4,4,4,4,4,2,3,4,2,2,2,5,4,4,4,4,4,4,3,4,4,3,3,3,4
245,1,3,5,3,0,3,4,3,3,4,4,4,5,4,5,5,5,4,3,3,3,4,4,4,4,5,4,4,4,4,4,5,4,3,2,2,3,3,4,3,4,4,4,4,3,3,4,3,3,2,4,4,4,4,3,4,4,4,4,3,4,4,4,4
246,0,3,3,3,0,4,3,3,3,5,4,4,4,5,5,5,4,4,4,5,4,4,4,3,4,4,4,4,4,4,4,4,3,2,2,2,4,4,4,4,4,4,4,4,2,2,4,2,2,2,4,4,4,4,4,3,4,3,4,4,4,4,4,4
247,0,3,2,3,0,3,3,2,2,4,3,3,3,4,4,4,4,3,4,3,3,3,3,3,3,4,3,4,4,4,4,4,4,1,1,1,3,3,4,3,3,2,3,3,1,2,4,2,2,2,4,4,4,4,4,4,3,3,3,3,3,4,3,3
248,1,3,2,3,0,4,5,4,2,4,4,4,4,5,5,5,4,5,4,4,4,4,5,4,4,4,4,4,4,4,4,5,5,2,3,2,4,4,4,4,4,4,4,4,2,3,5,3,3,3,4,4,4,5,4,4,5,5,4,4,5,5,5,4
249,1,3,2,4,0,3,3,4,3,4,4,4,5,4,5,5,5,4,4,4,4,3,3,3,4,4,4,4,4,4,4,4,3,2,2,2,4,4,3,4,4,4,4,4,2,2,4,2,1,2,4,3,4,4,4,4,4,4,4,4,3,4,4,3
250,1,3,2,4,0,3,3,4,4,5,4,4,4,4,5,5,5,4,4,4,4,4,4,4,3,4,5,5,5,5,4,3,4,3,3,3,4,4,4,4,4,4,3,4,3,3,4,3,3,4,4,4,4,4,4,4,5,4,4,3,4,4,4,4
251,1,3,5,4,0,3,3,2,3,4,4,4,3,4,4,4,5,3,3,3,3,3,3,2,3,4,4,5,4,4,3,3,4,1,1,1,4,3,3,3,3,3,2,3,3,2,3,2,2,2,3,3,4,3,3,3,3,4,4,4,2,3,3,3
252,1,3,2,3,0,4,4,3,4,4,5,4,4,4,5,5,5,4,4,4,5,4,4,4,4,5,5,5,5,4,5,5,4,3,3,3,3,4,4,4,5,4,5,5,3,3,5,3,3,3,4,4,4,5,4,4,4,4,4,4,4,5,4,4
253,0,3,5,4,1,3,4,4,4,4,4,4,4,4,4,4,5,4,5,4,4,4,5,4,4,5,5,5,5,4,4,4,5,3,3,3,5,5,4,5,4,4,4,4,3,3,4,3,3,2,4,4,4,4,3,4,4,4,4,4,4,4,4,4
254,0,3,5,4,1,4,3,3,3,3,4,4,4,4,4,4,4,4,4,4,4,3,4,4,4,5,5,5,5,4,4,4,4,3,2,2,4,4,4,4,4,5,4,4,2,2,3,1,2,2,4,4,4,4,3,4,4,3,4,4,4,4,4,4
255,1,3,3,3,0,5,5,5,3,5,4,4,4,4,4,5,4,5,5,4,5,5,5,5,5,4,4,4,4,4,4,4,4,3,3,3,4,4,4,4,4,4,5,4,4,4,4,4,3,4,4,5,4,4,4,4,4,5,5,5,5,4,5,4
256,1,3,4,2,1,4,4,4,5,5,5,5,5,5,4,5,5,5,4,4,4,4,4,5,4,4,4,4,4,4,4,4,4,2,3,3,4,4,5,4,4,4,4,4,3,4,4,4,4,4,4,4,4,4,4,4,5,4,4,5,4,5,4,4
257,1,3,2,3,0,3,3,2,3,4,3,3,3,4,3,4,4,4,4,4,4,4,4,4,4,4,5,4,4,4,4,4,3,1,1,1,3,2,3,3,4,3,3,3,3,3,4,3,3,3,4,3,3,4,3,3,4,3,3,3,4,3,4,3
258,1,3,1,1,1,4,4,4,4,5,5,5,4,5,5,4,5,4,4,4,5,5,5,5,5,4,5,5,5,5,5,5,5,3,3,2,4,4,4,5,5,5,5,5,3,3,4,2,3,3,5,5,4,5,5,5,4,5,5,4,4,5,4,5
259,0,3,2,3,0,4,4,4,4,4,4,5,4,4,4,4,4,4,4,4,4,4,4,4,4,4,5,5,5,5,5,5,5,4,3,3,5,5,4,5,4,4,4,4,3,3,5,3,2,3,4,5,5,5,5,5,4,4,4,4,5,5,4,4
260,0,3,2,3,0,3,2,3,3,4,4,4,4,4,4,3,4,4,4,4,4,4,3,4,4,4,4,4,4,4,3,3,4,1,1,1,2,3,3,3,4,4,4,4,2,2,3,2,2,1,4,4,4,3,4,4,4,3,3,3,4,4,4,4
261,1,3,2,3,0,4,5,5,5,5,5,5,5,5,4,4,4,5,5,4,5,4,5,5,5,4,4,4,4,4,5,5,5,3,4,3,5,5,5,5,5,5,5,5,3,4,4,4,4,4,5,5,5,5,4,5,4,5,5,5,4,5,4,5
262,1,3,1,1,1,3,3,3,4,3,4,4,4,4,4,4,4,4,3,3,3,4,3,3,3,4,5,4,4,4,4,3,4,3,2,2,4,4,4,4,4,4,4,4,3,2,4,2,2,2,4,4,4,4,4,4,4,4,4,4,4,4,4,4
263,1,3,1,3,1,4,4,4,4,5,4,5,5,5,4,5,5,4,4,4,5,5,5,4,5,4,4,4,4,4,4,5,4,3,3,3,4,4,4,4,4,4,4,4,3,3,4,3,4,3,4,4,4,4,4,5,4,4,4,4,4,4,4,4
264,0,3,1,3,0,4,4,5,4,5,4,4,4,4,4,4,5,5,4,4,4,4,4,4,4,5,5,5,5,4,4,5,5,2,3,3,4,4,5,4,4,4,4,5,3,3,5,2,3,3,5,4,5,5,5,5,4,5,5,5,4,4,4,5
265,0,3,2,3,1,4,3,4,4,4,4,4,4,5,5,5,5,4,4,4,5,4,4,4,4,5,4,5,5,5,4,4,4,2,2,3,5,5,4,5,4,4,4,5,3,3,4,3,3,4,4,4,4,4,4,4,5,4,4,4,4,4,5,4
266,1,3,1,4,1,4,3,4,4,4,5,5,5,4,4,4,4,5,5,5,5,4,5,5,5,5,5,5,5,4,4,4,4,2,2,2,5,4,4,4,4,5,4,4,2,3,4,3,3,3,4,5,5,4,5,5,5,4,4,4,5,4,5,5
267,1,3,2,3,0,3,3,3,2,3,3,3,4,4,4,4,4,4,4,3,4,4,4,4,4,4,5,4,4,4,3,3,3,2,1,1,3,3,2,3,3,3,3,3,2,2,3,2,1,2,4,4,4,2,3,4,3,3,3,3,3,4,4,3
268,0,3,1,2,1,3,4,4,4,4,4,4,5,4,5,5,5,4,4,4,4,4,4,4,4,4,4,5,4,4,4,4,4,2,3,3,4,4,4,3,4,4,4,3,3,2,4,3,3,3,4,4,4,5,5,4,4,4,4,3,4,4,4,4
269,1,3,2,3,1,3,1,3,2,4,4,4,4,3,4,3,3,2,2,2,2,3,3,2,3,3,2,3,3,3,2,2,2,1,1,1,2,3,2,2,2,2,2,2,3,3,2,3,3,3,2,3,2,3,2,2,4,4,4,4,4,4,4,4
270,1,3,2,3,1,2,3,2,3,3,3,3,3,4,4,4,5,3,4,3,3,3,3,3,3,3,3,3,3,2,3,3,3,3,3,3,3,3,2,3,2,3,3,3,2,2,2,1,2,2,3,3,3,3,3,4,3,3,3,2,4,4,3,3
271,1,3,2,4,0,4,4,3,4,5,5,4,5,4,4,4,4,5,5,4,5,5,5,4,5,5,4,4,4,4,4,4,4,3,3,3,5,5,5,4,4,4,4,4,3,3,5,3,3,4,4,4,4,4,4,4,4,5,5,5,4,5,4,5
272,0,3,2,1,0,4,4,4,5,4,4,4,5,4,4,4,5,5,5,5,5,5,5,5,5,5,5,5,5,5,5,5,5,3,4,3,5,5,5,5,5,5,5,5,2,3,4,3,3,3,4,4,4,5,4,4,5,5,5,5,5,4,5,5
273,1,3,1,4,0,4,5,4,4,4,4,4,5,4,4,5,4,4,4,4,4,5,4,5,5,4,4,4,4,4,5,5,5,3,3,3,4,4,4,4,4,4,4,4,3,3,5,3,3,4,5,5,5,5,4,5,4,5,4,5,4,5,4,5
274,0,3,1,4,0,4,5,4,4,5,4,4,4,5,5,5,4,5,5,5,5,4,4,5,4,4,5,4,4,4,4,4,4,2,3,3,4,5,5,5,5,4,5,5,3,3,4,3,3,3,5,5,5,4,4,5,4,5,5,5,4,5,4,5
275,1,3,1,4,1,5,4,4,4,4,5,5,5,5,4,4,4,5,4,4,4,4,4,4,4,5,5,5,5,4,5,5,5,3,3,3,5,4,4,4,4,4,4,4,4,3,4,3,3,3,5,4,4,5,4,4,4,4,4,4,4,4,4,4
276,1,3,2,4,1,4,4,5,4,5,5,4,5,4,5,5,5,5,4,5,5,4,4,4,4,4,4,4,4,4,5,4,5,3,3,3,4,4,4,4,4,4,5,4,3,3,5,3,3,4,4,4,4,5,4,5,4,5,5,4,5,4,5,5
277,1,3,2,1,1,5,4,4,4,5,5,5,5,5,4,4,4,4,4,4,4,4,4,4,4,4,5,5,5,5,4,4,4,3,4,3,4,4,4,4,5,4,4,4,3,3,4,2,3,3,4,5,4,4,4,4,4,4,4,4,4,4,4,4
278,0,3,2,4,0,3,3,3,3,3,4,4,4,4,4,4,4,3,4,4,4,3,3,3,3,4,3,4,4,4,3,4,3,1,2,2,4,4,4,4,3,3,3,2,2,2,3,2,3,2,3,3,3,3,3,4,4,4,4,4,3,3,3,4
279,0,3,2,1,0,3,2,3,3,4,4,4,3,5,4,4,4,3,4,3,3,3,3,3,2,4,4,4,4,4,3,4,4,2,1,1,3,3,2,3,4,4,4,4,2,2,4,2,2,2,3,4,3,4,3,3,4,3,3,2,4,4,4,3
280,1,3,1,3,1,4,4,4,3,5,5,5,5,5,5,5,5,4,4,4,4,4,4,4,5,5,5,5,5,4,5,5,4,2,2,2,4,4,4,4,4,4,5,4,3,4,5,3,3,3,4,4,3,5,4,4,4,4,4,4,4,4,4,4
281,1,3,3,2,0,3,3,3,2,4,4,4,4,4,4,4,4,3,3,3,3,3,3,3,2,4,4,4,4,4,4,4,4,1,1,1,3,3,3,3,3,4,3,3,3,3,4,3,3,3,3,2,3,4,3,3,3,4,4,4,3,3,3,4
282,1,3,2,4,1,4,4,4,4,5,5,4,5,4,4,4,4,5,5,4,5,4,5,5,5,5,5,4,5,5,4,4,4,3,3,3,4,5,4,4,4,5,5,5,4,4,4,3,4,4,4,4,4,4,4,4,5,5,4,5,4,4,5,5
283,1,3,1,3,1,4,4,3,4,5,4,4,4,4,5,5,5,4,3,4,4,4,4,4,4,5,5,5,4,5,4,4,4,2,2,1,4,4,4,4,4,4,4,3,3,3,5,3,3,3,4,5,4,4,4,4,4,4,4,4,4,4,4,4
284,1,3,1,3,0,4,4,4,2,5,4,5,5,5,5,5,5,4,4,5,4,4,5,5,5,4,5,5,5,5,4,4,5,2,2,3,5,5,5,4,5,5,4,5,3,4,4,3,3,3,4,4,4,4,4,4,4,5,4,4,4,4,4,4
285,0,3,2,3,1,3,2,3,3,3,4,4,4,4,4,4,4,3,3,3,3,3,3,4,3,4,4,4,5,4,2,3,3,1,1,2,4,4,4,4,3,3,3,2,2,2,3,2,3,2,3,2,3,3,3,3,3,4,4,3,2,3,3,4
286,1,3,1,1,0,3,3,3,4,4,4,4,3,4,4,4,5,4,4,3,4,4,4,4,3,4,4,4,5,4,4,4,4,2,2,3,4,4,3,4,4,4,4,4,2,2,3,2,2,3,4,3,4,4,4,4,3,4,4,4,4,4,3,4
287,0,3,1,3,1,1,3,3,2,4,4,4,4,3,3,3,3,3,3,3,2,3,3,3,2,4,4,4,4,4,2,2,2,2,1,1,3,2,3,3,4,4,4,4,1,2,2,1,1,1,3,3,3,3,2,3,3,4,4,4,2,4,2,4
288,1,3,1,3,1,3,3,3,3,4,3,4,4,4,4,4,4,4,4,4,4,3,3,3,2,4,3,4,4,4,4,4,4,2,1,1,3,3,3,4,3,4,3,3,2,1,4,2,2,2,4,4,4,4,4,4,4,4,4,4,3,4,4,4
289,0,3,4,3,0,4,4,4,3,4,4,4,5,5,5,5,4,5,4,4,4,4,5,4,4,5,4,4,4,4,4,4,4,3,3,3,4,5,4,4,4,4,4,3,3,3,4,3,3,3,4,4,4,3,4,4,5,4,4,4,4,4,4,4
290,0,3,2,1,0,3,3,3,3,4,4,4,4,5,4,5,5,4,4,4,4,4,4,4,4,4,4,4,5,4,3,4,4,2,1,2,4,3,4,4,5,4,4,4,2,2,4,2,1,2,4,4,3,4,4,4,4,4,4,4,4,3,4,4
291,1,3,1,4,0,3,4,4,4,5,5,5,4,5,5,5,4,5,4,5,5,5,4,5,5,4,5,5,5,5,4,5,4,2,2,2,5,5,5,5,4,5,4,4,3,3,4,3,4,3,5,5,5,4,4,5,4,4,4,4,4,4,4,4
292,0,3,2,4,0,4,4,3,4,5,5,5,4,5,5,5,5,4,3,4,4,5,5,4,5,5,5,5,4,5,5,4,5,2,2,3,4,4,4,5,4,4,4,5,3,3,5,4,3,3,4,4,4,5,4,4,4,5,4,4,3,4,4,4
293,1,3,2,3,0,2,1,1,3,3,3,3,2,2,3,3,3,2,3,3,3,3,3,3,3,3,3,2,3,3,2,3,2,3,3,3,2,2,2,2,4,4,4,4,1,1,2,1,1,1,3,2,3,2,3,3,1,4,4,4,2,4,2,4
294,1,3,1,3,1,3,3,2,3,4,4,4,4,4,4,4,4,3,4,4,4,4,4,4,4,3,4,4,4,4,4,4,4,2,2,1,3,3,4,3,4,4,4,3,2,1,4,2,2,2,4,4,3,4,4,4,4,4,4,4,4,3,4,4
295,1,3,3,2,1,3,4,4,4,4,4,4,4,5,5,4,5,5,4,4,4,4,4,4,4,4,4,4,5,4,3,4,4,3,3,3,3,4,4,4,5,5,5,5,3,3,4,3,3,2,5,5,5,4,5,4,4,4,4,4,4,4,4,4
296,0,3,2,4,1,3,3,3,5,5,5,4,5,4,4,4,4,4,4,4,4,4,4,4,4,5,5,5,4,5,4,5,4,3,2,3,4,4,4,4,4,4,5,4,2,3,4,3,3,3,4,4,4,4,4,4,4,4,4,4,4,4,4,4
297,0,3,1,3,0,3,4,3,3,4,4,4,4,4,5,4,4,5,4,4,4,4,4,4,3,3,4,4,4,4,4,4,4,3,3,3,4,4,4,4,3,4,3,3,2,2,4,2,2,2,4,4,4,4,4,4,4,3,4,4,4,4,4,4
298,1,3,2,2,0,4,4,4,3,5,4,4,4,5,4,5,5,4,4,4,3,4,4,3,4,4,4,4,4,4,5,5,4,3,3,3,4,4,4,4,4,5,4,4,3,3,5,3,3,3,5,5,5,5,4,5,4,4,5,4,4,4,4,4
299,1,3,2,1,0,3,2,3,3,4,4,4,4,4,4,5,4,4,4,4,3,3,4,3,3,3,4,3,3,3,3,3,3,2,2,1,4,3,3,3,3,2,3,3,2,2,3,2,2,3,4,4,4,3,3,4,4,4,4,3,3,4,3,4
300,1,3,1,3,0,3,5,5,5,5,5,4,5,5,4,5,5,5,5,5,4,5,5,5,5,4,5,5,5,5,4,4,4,2,3,3,5,5,4,5,5,5,5,5,4,4,4,4,3,4,5,4,5,4,5,5,4,5,4,5,4,4,4,5
301,1,3,1,3,0,4,3,4,4,5,5,5,4,5,4,4,4,4,4,5,4,4,4,4,4,5,5,4,5,5,4,4,4,2,2,2,4,4,3,4,5,4,4,4,2,3,5,3,3,3,4,4,4,4,5,4,4,4,4,4,5,5,4,5
302,0,3,1,2,0,5,4,4,4,5,5,4,5,4,4,4,4,4,4,4,4,4,4,5,4,4,5,5,5,5,4,4,4,3,3,3,5,4,4,4,4,4,4,4,3,3,4,3,3,3,4,5,5,4,5,5,4,5,5,5,5,4,5,4
303,0,3,1,2,0,4,3,4,4,4,4,4,5,4,5,5,5,4,4,5,4,4,4,4,4,4,5,5,5,5,5,4,4,2,2,3,4,4,4,4,5,4,4,4,3,3,4,3,3,3,4,4,4,4,4,3,4,4,4,4,4,4,4,4
304,0,3,2,3,1,3,4,4,3,4,4,4,5,4,4,4,4,4,4,3,4,4,4,4,4,4,4,4,4,4,5,4,4,2,2,3,4,4,4,4,4,4,4,4,3,3,4,3,2,3,4,4,4,4,3,4,4,4,3,4,4,4,4,4
305,0,3,3,3,1,4,3,4,4,5,4,4,4,5,5,5,5,4,4,4,5,4,4,5,4,4,4,4,4,4,4,4,3,2,3,3,4,5,4,4,4,4,4,4,3,3,4,3,4,3,4,4,4,4,4,4,5,4,4,4,5,4,5,4
306,0,3,2,3,1,3,3,2,3,4,3,4,4,4,4,4,4,4,3,3,3,4,3,3,3,4,4,4,5,4,4,4,4,3,3,3,4,3,3,3,3,3,3,2,2,2,4,3,2,2,3,3,3,4,3,3,3,3,3,4,3,3,4,3
307,0,3,2,1,0,3,2,3,3,4,4,4,4,4,4,4,4,3,4,3,3,4,4,4,4,4,4,4,4,4,3,3,4,1,1,2,3,3,2,3,3,3,3,3,2,1,3,2,2,2,3,3,3,3,3,2,4,3,2,3,3,4,4,3
308,0,3,3,3,0,4,5,4,4,5,4,4,4,5,4,5,5,5,4,5,5,4,5,5,5,5,4,5,5,5,4,4,5,3,3,2,4,4,5,4,4,4,4,4,3,3,4,3,3,3,5,5,5,4,5,4,4,4,4,4,5,4,4,4
309,1,3,1,3,0,3,2,4,3,3,3,3,4,4,4,4,4,4,4,4,3,3,3,3,3,4,4,4,4,4,4,4,3,3,3,3,3,3,3,3,4,4,4,4,3,3,4,3,3,3,4,4,4,4,4,4,3,3,3,2,3,3,3,3
310,0,3,1,3,1,4,4,4,5,5,5,5,5,4,5,5,5,5,5,5,5,4,4,4,4,5,5,5,5,5,5,5,5,3,2,3,5,4,5,5,5,5,5,4,3,3,4,3,3,2,4,4,4,5,4,4,4,5,5,4,4,5,5,5
311,0,3,3,3,1,4,4,4,4,5,5,4,5,4,5,5,5,4,4,4,4,4,5,4,4,5,5,5,5,4,5,5,5,3,3,3,4,4,4,4,5,5,5,5,3,3,4,4,3,3,4,4,4,5,4,5,4,4,5,5,4,5,4,5
312,1,3,1,1,0,4,4,4,4,4,5,5,5,5,5,4,5,4,3,4,4,4,4,4,4,5,5,5,5,4,5,5,5,3,3,2,4,4,4,3,4,4,4,4,3,3,4,3,3,3,4,4,4,5,4,5,4,4,4,4,4,4,4,4
313,0,3,3,4,0,4,3,5,5,4,4,4,5,4,5,4,4,5,4,5,5,4,4,4,4,4,4,4,4,4,5,5,5,4,3,3,4,4,4,4,4,4,4,4,3,3,4,3,3,3,5,5,5,5,4,5,5,5,5,5,4,5,5,5
314,1,3,2,4,1,3,4,4,4,5,4,5,5,4,4,4,4,5,5,4,5,4,5,4,4,5,5,4,5,5,5,5,5,3,3,3,4,4,4,4,4,4,5,4,3,3,4,3,4,3,4,5,4,5,4,4,4,5,5,4,4,4,4,5
315,0,3,4,3,0,3,3,3,3,4,3,4,4,4,4,5,4,4,4,4,4,4,4,4,4,5,4,4,4,4,4,3,4,2,2,3,4,4,5,4,4,4,4,4,2,2,4,1,2,2,4,4,4,4,4,3,4,3,4,3,3,4,4,3
316,0,3,2,4,1,3,4,3,3,5,4,4,4,4,4,5,4,4,5,4,4,4,3,4,4,5,4,5,5,5,4,4,4,2,2,2,4,4,4,4,4,4,4,4,3,3,4,3,3,3,4,4,5,4,4,4,4,4,4,4,4,4,4,4
317,0,3,2,1,0,4,5,4,4,4,4,4,4,4,4,4,4,4,4,5,4,4,4,4,4,4,5,5,5,5,4,4,4,2,3,3,5,5,5,4,5,5,5,4,3,3,4,3,3,3,4,4,4,4,4,4,4,4,4,5,4,4,4,4
318,0,3,1,3,0,3,4,3,4,4,4,4,4,5,4,5,5,4,4,4,3,4,3,4,4,4,4,5,4,4,4,4,4,1,2,2,4,4,4,3,4,4,4,3,2,3,4,3,3,3,4,4,3,4,4,4,4,4,4,4,4,4,4,4
319,0,3,1,3,0,4,5,4,5,4,5,5,5,4,4,4,4,4,4,5,4,5,5,5,4,4,4,4,4,4,5,5,5,4,3,4,5,4,4,4,5,5,5,5,4,4,4,3,4,4,5,5,5,5,4,5,5,4,4,4,5,4,4,4
320,1,3,3,2,0,4,4,4,4,4,4,4,4,4,4,4,4,4,4,4,4,4,4,4,4,5,5,5,4,5,5,4,4,3,3,3,5,5,5,4,4,5,4,4,3,2,4,3,3,3,5,4,5,4,5,5,5,4,5,5,4,5,5,5
321,1,3,2,2,1,4,4,4,5,5,5,4,5,5,4,5,5,5,5,4,5,5,5,4,5,5,4,5,5,5,4,5,5,3,3,3,4,4,4,4,4,5,5,5,4,4,5,4,3,4,4,4,4,5,4,4,4,4,4,4,4,4,4,4
322,1,3,4,3,0,4,5,4,3,5,5,5,4,4,4,4,4,5,5,5,5,4,4,5,4,5,5,5,5,5,4,4,4,2,2,2,4,4,4,4,5,5,5,5,3,3,4,3,4,3,4,4,5,3,4,4,4,5,4,4,4,4,5,4
323,0,3,2,3,0,4,5,4,4,5,5,4,5,4,4,4,4,4,4,4,5,5,5,5,4,4,5,5,5,5,5,4,5,3,4,3,5,4,5,5,4,4,4,4,4,4,5,4,4,3,4,4,4,5,4,4,4,4,4,5,4,5,5,4
324,0,3,1,3,0,3,3,3,2,4,4,4,5,4,4,4,4,4,4,4,3,3,3,3,3,4,3,4,4,4,4,3,4,2,2,2,4,3,3,3,3,3,4,3,2,2,4,2,3,2,3,3,3,4,3,3,3,3,3,4,3,4,3,3
325,1,3,1,4,1,3,4,4,3,5,5,4,5,4,4,4,4,3,4,4,4,5,4,4,4,5,5,5,4,5,3,4,4,2,1,2,4,3,4,4,3,4,4,4,3,2,4,3,3,3,3,4,4,4,4,4,4,4,4,4,4,3,4,4
326,0,3,2,4,1,3,5,4,3,5,5,5,5,4,5,5,5,5,5,5,5,5,5,5,5,4,5,5,5,5,5,4,5,2,3,2,4,5,4,4,5,4,4,4,3,3,5,3,3,3,5,4,4,5,4,4,4,4,4,4,4,4,5,4
327,1,3,2,4,0,4,4,5,4,5,5,5,5,5,5,5,5,4,4,4,4,5,4,5,5,4,5,5,5,5,4,4,4,3,2,3,4,4,4,5,4,4,4,4,3,4,4,3,3,3,4,4,4,4,5,4,4,4,4,4,5,4,5,5
328,1,3,2,3,1,4,5,4,4,4,4,4,4,4,4,5,4,5,4,5,5,4,4,4,4,4,5,5,5,5,4,5,4,3,3,3,5,5,5,5,4,4,4,4,3,3,4,3,3,3,4,4,4,4,5,4,5,5,4,5,4,4,4,5
329,1,3,2,1,1,3,4,3,3,4,3,4,4,5,5,4,5,4,4,3,4,4,4,4,4,4,4,4,4,5,4,4,4,2,2,2,4,4,3,4,4,4,4,4,2,2,4,2,2,3,4,4,5,4,4,4,5,4,4,5,4,4,4,4
330,1,3,1,1,1,4,4,4,4,4,4,4,4,5,4,4,4,5,5,5,4,5,5,5,4,5,5,5,5,4,5,5,5,4,3,3,4,5,4,4,5,4,5,5,3,2,5,3,3,3,5,5,4,4,5,5,4,5,5,5,4,4,4,5
331,1,3,4,4,1,4,4,5,4,4,5,5,5,5,5,5,5,5,4,5,5,4,4,4,4,5,4,5,5,5,4,4,5,3,4,3,4,4,4,4,4,5,5,5,4,3,4,3,3,3,4,5,4,4,4,4,4,5,5,5,4,4,4,5
332,1,3,2,4,0,4,4,4,4,5,5,5,4,5,5,5,4,4,5,4,4,5,4,4,4,4,4,4,4,4,4,4,4,3,3,3,5,4,5,5,4,4,4,4,4,3,4,4,4,4,4,4,4,4,4,4,5,4,4,5,4,5,4,4
333,0,3,2,3,0,4,4,4,3,5,5,4,5,5,5,5,4,4,4,4,4,4,4,4,4,4,4,4,4,4,3,4,4,2,3,2,4,3,4,4,4,4,4,4,3,3,4,4,3,3,4,5,4,4,4,4,5,4,4,4,4,4,4,5
334,0,3,1,1,1,3,3,3,4,3,4,4,4,4,4,4,4,3,3,4,3,4,4,4,4,4,4,4,4,5,4,4,3,3,3,3,4,4,4,4,4,4,4,3,2,2,4,2,3,2,4,4,4,4,3,4,4,4,4,4,4,4,4,5
335,1,3,2,3,0,2,3,3,3,5,4,4,4,4,4,4,4,3,3,3,2,3,3,3,2,4,5,4,4,4,3,3,4,3,3,3,3,4,3,3,3,3,3,3,2,2,3,3,2,2,3,3,3,3,3,4,3,4,4,4,3,3,3,3
336,1,3,1,1,0,3,3,2,3,4,4,4,4,4,4,4,4,3,3,3,3,3,4,3,3,4,4,4,4,4,4,3,3,1,1,1,3,3,3,3,4,4,3,4,2,2,3,2,2,2,4,4,3,3,4,4,4,4,4,4,4,3,3,3
